"CONCEPTO","CATEGORIA","UNIDAD","ULTIMO_PRECIO","FECHA_ULTIMO_PRECIO"
"ACEITE BONA DECKING OIL NEUTRAL","BARNIZ, ACEITE Y PINTURA","LT","500","2026-05-11"
"ACEITE CERA OSMO POLYX3062 SATINADO TRANSPARENTE","BARNIZ, ACEITE Y PINTURA","LT","1971.55","2025-06-06"
"ACEITE LUBRICANTE P/BARRA Y CADENA DE WOODCUTTER","MANTENIMIENTO","LT","",""
"ACEITE LUBRICANTE P/MOTOR A GASOLINA CON MAS DE 100,000 KM  MEMBERS MARK","BARNIZ, ACEITE Y PINTURA","LT","120.34","2026-04-14"
"ACEITE MAFI BLANCO PARA PISO DE MADERA","BARNIZ, ACEITE Y PINTURA","LT","",""
"ACEITE MOBIL RARUS (427 ISO 100) 19 LT","MANTENIMIENTO","CUBETA","3110.68","2025-02-13"
"ACEITE MOTOR HP 2 TIEMPOS 100ML 0781-319-8922 STIHL","MANTENIMIENTO","PZ","36.56","2025-01-29"
"ACEITE MOTOR HP 2 TIEMPOS 100ML 7008-871-0266","MANTENIMIENTO","PZ","",""
"ACEITE MULTIGRADO PARA MOTOR A GASOLINA BARDAHL MÁS DE 100000 KM(946ml C/U) SAE 25w 50 API SL","BARNIZ, ACEITE Y PINTURA","LT","85.72","2025-08-11"
"ACEITE PARA DIFERENCIAL","AUTOMOVILES","LT","",""
"ACEITE PARA TRANSMISION GONHER","AUTOMOVILES","LT","",""
"ACEITE R. ENGRANES AGMA EP5 ISO 220 19LT (CALIBRADORA) 0199","MANTENIMIENTO","CUBETA","1509.66","2023-07-01"
"ACEITE RUBIO MONOCOAT OIL + 2C CHARCOAL 1.3L 1261062824","BARNIZ, ACEITE Y PINTURA","BOTE","4043.46","2026-04-28"
"ACEITE RUBIO MONOCOAT OIL + 2C PURE 1.3L 1366201625","BARNIZ, ACEITE Y PINTURA","BOTE","3044.26","2026-04-28"
"ACEITE SINTETICO 2 TIEMPOS 100ML TRUPER 17624","BARNIZ, ACEITE Y PINTURA","PZ","",""
"ACERO INOXIDABLE REDONDO T-304 3/8""","METALICOS","MT","53.47","2025-02-26"
"ACRILASTIC PENNSYLVANIA ALUMINIO 300ml","SILICON Y ACRILASTIC","PZ","49.27","2025-11-27"
"ACRILASTIC PENNSYLVANIA BLANCO 300ml","SILICON Y ACRILASTIC","PZ","41.38","2026-04-28"
"ACRILASTIC PENNSYLVANIA BRONCE 300ml","SILICON Y ACRILASTIC","PZ","",""
"ACRILASTIC PENNSYLVANIA CAFE 300ml","SILICON Y ACRILASTIC","PZ","48.28","2024-12-19"
"ACRILASTIC PENNSYLVANIA CHAMPANG 300ml","SILICON Y ACRILASTIC","PZ","",""
"ACRILASTIC PENNSYLVANIA NEGRO 300ml","SILICON Y ACRILASTIC","PZ","60.34","2025-10-04"
"ACRYRUB GREY (GRIS) 300 ML (SELLADOR ACRILICO) SOUDAL SD115791","SILICON Y ACRILASTIC","PZ","21.65","2025-11-05"
"ACRYRUB WHITE (BLANCO) 310 ML SOUDAL SD119653","SILICON Y ACRILASTIC","PZ","21.65","2025-11-21"
"ADEBLOK PLUS 100 (FINO) 40 KG CEMIX","PEGAMENTOS Y RESINAS","PZ","",""
"ADHESIVO BOSTIK ULTRA SET SINGLE STEP 2 4.0GL - G69850-4GL","PEGAMENTOS Y RESINAS","CUBETA","",""
"ADHESIVO PARA PISO DE INGENIERIA CH2","BARNIZ, ACEITE Y PINTURA","CUBETA","",""
"ADHETOP FM COMEX","BARNIZ, ACEITE Y PINTURA","LT","301.72","2025-11-06"
"AEROCOMEX TRANSPARENTE MATE","BARNIZ, ACEITE Y PINTURA","PZ","",""
"AFILADO DE BROCAS PARA ROUTER","SERVICIOS","LOTE","150.0","2025-07-14"
"AFILADO DE DISCOS PARA CORTE Y BROCAS","SERVICIOS","LOTE","729.82","2025-07-21"
"AFLOJATODO ACEITE MULTIUSOS EN AEROSOL, 235ML (8OZ), TRUPER CÓDIGO: 13469","MANTENIMIENTO","PZ","",""
"AFLOJATODO CORONA 235 ML","MANTENIMIENTO","PZ","45.26","2025-06-30"
"AFLOJATODO LUBRICANTE MULTIUSOS EN AEROSOL, 400ML (14OZ), TRUPER CÓDIGO: 13471","MANTENIMIENTO","PZ","68.97","2025-04-11"
"AFLOJATODO MULTIUSOS EN AEROSOL 345ML (12OZ), TRUPER CÓDIGO: 13470","MANTENIMIENTO","PZ","",""
"ALAMBRE RECOCIDO","CONSTRUCCION","KG","",""
"ALAMBRON","CONSTRUCCION","KG","",""
"ALCOHOL INDUSTRIAL (SOLUCION ANTISEPTICA) D15-SOAN1LT","FERRETERIA","PZ","61.6","2025-11-27"
"ALMOHADILLA REDONDA DE FIELTRO 1-1/2"" 38MM SHEPHERD","FERRETERIA","PZ","",""
"ALMOHADILLA REDONDA DE FIELTRO 2"" 50mm SHEPHERD","FERRETERIA","PZ","",""
"ANGULO 1"" X .109""MM","METALICOS","TRAMO","163.79","2025-02-25"
"ANGULO 1"" X 1/4""","METALICOS","TRAMO","",""
"ANGULO 1-1/2"" X 1/4""","METALICOS","TRAMO","",""
"ANGULO 1-1/2"" X 1/8""","METALICOS","TRAMO","479.99","2026-04-30"
"ANGULO 1-1/4 X 1/8""","METALICOS","TRAMO","",""
"ANGULO 1-1/4"" X .109""MM","METALICOS","TRAMO","",""
"ANGULO 2"" X 1/8""","METALICOS","TRAMO","456.9","2025-11-05"
"ANGULO 2"" X 2"" X 1/4""","METALICOS","MT","",""
"ANGULO DE ALUMINIO 1"" NATURAL 6.10 mt","METALICOS","TRAMO","",""
"ANGULO DE ALUMINIO 1"" NEGRO 6.10 mt","METALICOS","TRAMO","",""
"ANGULO DE ALUMINIO 3/4"" NATURAL 6.10 CUPRUM","METALICOS","TRAMO","",""
"ANGULO DE ALUMINIO 3/4"" NEGRO 6.10 MT","METALICOS","TRAMO","200.66","2025-07-14"
"ANGULO DE ALUMINIO SIN ANODIZAR 1-1/2 X 1-1/2X1/8 6.10 CUPRUM","FERRETERIA","TRAMO","543.69","2025-03-24"
"ANGULO DE LATON 1/8""X1""X3.66 MTS","METALICOS","TRAMO","",""
"ANGULO DE LATON 1/8""X1-1/2""X3.66 MTS","METALICOS","TRAMO","",""
"ANGULO DE LATON 1/8""X2""X3.66 MTS","METALICOS","TRAMO","",""
"ANGULO DE LATON 1/8""X2""X5.50 MTS","METALICOS","TRAMO","5260.39","2026-01-27"
"ANTICONGELANTE ROJO QUAKER STATE 50/50 000517967.","AUTOMOVILES","LT","",""
"ANTICONGELANTE VALUCRAFT","BARNIZ, ACEITE Y PINTURA","LT","21.44","2026-03-12"
"ARANDELA Y BRIDA PARA ESMERILADORA DEWALT","MANTENIMIENTO","JG","",""
"ARENA LAVADA","CONSTRUCCION","CARRO","",""
"ARMEX 15 X 20","CONSTRUCCION","TRAMO","",""
"ATORNILLADOR DE IMPACTO BOSCH GSX 18V-200 429001395","HERRAMIENTAS","PZ","",""
"ATORNILLADOR DE IMPACTO BOSCH GSX 18V-201 427202096","HERRAMIENTAS","PZ","",""
"AUTOZONE ACEITE DE MOTOR CONVENCIONAL MULTIGRADO 10W-30 #AZ10W301","AUTOMOVILES","LT","",""
"AUTOZONE ACEITE PARA ENGRANES GL1 SAE 140 32 OZ","AUTOMOVILES","PZ","",""
"AUTOZONE AFLOJATODO LUBICANTE 14.03 OZ","AUTOMOVILES","PZ","",""
"AUTOZONE ARMOR ALL BRILLO PARA LLANTAS 22OZ #17514","AUTOMOVILES","PZ","",""
"AUTOZONE ECOM ATOMIZADOR LUBRICANTE PENETRANTE #ECO-115","AUTOMOVILES","PZ","",""
"AUTOZONE LIMPIADOR DE PARTES ELECTRICAS #AZM020","AUTOMOVILES","PZ","",""
"AUTOZONE SILICONA #LS-558","AUTOMOVILES","PZ","",""
"AUTOZONE TRATAMIENTO PARA BANDAS 170 ML #TB-559","AUTOMOVILES","PZ","85.34","2025-07-07"
"AVELLANADOR #10 3/16""","FERRETERIA","PZ","48.78","2026-04-15"
"AVELLANADOR ADAPTADOR REVERSIBLE #6 DEWALT DW2700","SIERRAS, CUCHILLAS Y BROCAS","PZ","",""
"AVELLANADOR JUEGO DE 3-PZ (1/4, 9/64, 11/64) A99661","SIERRAS, CUCHILLAS Y BROCAS","JG","",""
"AVELLANADOR LOBUS 1/2 AV-632C","FERRETERIA","PZ","",""
"AVELLANADOR LOBUS 3/8 AV-631C","SIERRAS, CUCHILLAS Y BROCAS","PZ","",""
"BAGUETA (CANAL) DE ALUMINIO NATURAL 1/2"" 6.10 MT","METALICOS","TRAMO","",""
"BAGUETA (CANAL) DE ALUMINIO NEGRO 3/8"" 6.00 MT","METALICOS","TRAMO","155.17","2026-05-15"
"BAJO ALFOMBRA 8mm (2 MT ALTURA)","PAPELERIA","MT","",""
"BALERO 4307 B","MANTENIMIENTO","PZ","",""
"BALERO 6000 URB URB06000","FERRETERIA","PZ","",""
"BALERO 6001 - C - 2HRS - L038 FAG","FERRETERIA","PZ","",""
"BALERO 6001 URB URB06001","FERRETERIA","PZ","",""
"BALERO 6002 2RSR L038 C3 FAG","FERRETERIA","PZ","",""
"BALERO 6002 LHV N329082","MANTENIMIENTO","PZ","120.69","2026-02-25"
"BALERO 6002 URB URB06002","FERRETERIA","PZ","",""
"BALERO 6003 2RSR FAG","FERRETERIA","PZ","",""
"BALERO 6004 2RSR FAG","FERRETERIA","PZ","112.07","2025-09-10"
"BALERO 6005 - 2RSH SKF","FERRETERIA","PZ","103.45","2025-06-24"
"BALERO 608 URB P-20/5 URB00608","FERRETERIA","PZ","",""
"BALERO 6201 - 2RSH/C3 SKF","FERRETERIA","PZ","43.1","2025-06-24"
"BALERO 6201 URB URB06201","FERRETERIA","PZ","",""
"BALERO 6203 2RS FAG","FERRETERIA","PZ","103.45","2026-02-12"
"BALERO 6204 2RSR C3 L38 FAG","FERRETERIA","PZ","",""
"BALERO 6204 ZZC3 EUR","FERRETERIA","PZ","",""
"BALERO 6205 2RS FAG","FERRETERIA","PZ","159.48","2026-02-12"
"BALERO 6206 EE SNR","FERRETERIA","PZ","",""
"BALERO 6207 - 2RSC3 SKF","MANTENIMIENTO","PZ","413.79","2025-06-25"
"BALERO 6208 2RS SKF","MANTENIMIENTO","PZ","",""
"BALERO 62206 TL","FERRETERIA","PZ","",""
"BALERO 62206.2RS FAG","FERRETERIA","PZ","",""
"BALERO 62208.2RS FAG","MANTENIMIENTO","PZ","",""
"BALERO 626 URB URB00626","FERRETERIA","PZ","",""
"BALERO 629 URB URB00629","FERRETERIA","PZ","",""
"BALERO 6301 2RS FA6","FERRETERIA","PZ","103.45","2024-02-01"
"BALERO 6301 2RS Z86","FERRETERIA","PZ","51.72","2024-02-01"
"BALERO FAG 7206B","FERRETERIA","PZ","",""
"BALERO FAG 7211B","FERRETERIA","PZ","",""
"BALERO R3-ZZ 3/16X1/2 URB","FERRETERIA","PZ","",""
"BALERO R8-ZZ","FERRETERIA","PZ","50.0","2025-07-01"
"BANDA A-50","MANTENIMIENTO","PZ","",""
"BANDA FANDELI X-86 040 0.101m X 0.610m COD. 08507 (4 X 24)","LIJAS Y ABRASIVOS","PZ","30.45","2025-08-15"
"BANDA FANDELI X-86 060 0.101m X 0.610m COD. 05630 (4 X 24)","LIJAS Y ABRASIVOS","PZ","22.41","2025-11-05"
"BANDA FANDELI X-86 080 0.101m X 0.610m COD. 08509 (4 X 24)","LIJAS Y ABRASIVOS","PZ","24.14","2026-01-27"
"BANDA FANDELI X-86 100 0.101m X 0.610m COD. 00191 (4 X 24)","LIJAS Y ABRASIVOS","PZ","20.81","2024-12-12"
"BANDA FANDELI X-86 120 0.101m X 0.610m COD. 03542 (4 X 24)","LIJAS Y ABRASIVOS","PZ","17.24","2025-11-03"
"BANDA INDUSTRIAL HI-POER A-23","MANTENIMIENTO","PZ","",""
"BANDA INDUSTRIAL HI-POER A-25","MANTENIMIENTO","PZ","",""
"BANDA INDUSTRIAL HI-POER A-40","MANTENIMIENTO","PZ","",""
"BANDA INDUSTRIAL HI-POER A-41","MANTENIMIENTO","PZ","",""
"BANDA INDUSTRIAL HI-POER A-42","MANTENIMIENTO","PZ","",""
"BANDA INDUSTRIAL HI-POER A-50","MANTENIMIENTO","PZ","",""
"BANDA INDUSTRIAL HI-POER A-59","MANTENIMIENTO","PZ","",""
"BANDA LIJA 152.4MM X 1219.2MM (6""X48"")","LIJAS Y ABRASIVOS","PZ","",""
"BANDA LIJA 2909 914MM X 2146MM G-80","LIJAS Y ABRASIVOS","PZ","1051.5","2025-09-08"
"BANDA LIJA 2929 279MM X 4432MM G-40","LIJAS Y ABRASIVOS","PZ","",""
"BANDA LIJA 2929 914MM X 2146MM G-40","LIJAS Y ABRASIVOS","PZ","",""
"BANDA LIJA ZK713 X 914MM X 2146MM G-40","LIJAS Y ABRASIVOS","PZ","",""
"BANDA LIJA ZK713 X 914MM X 2146MM G-80","LIJAS Y ABRASIVOS","PZ","",""
"BANDA PARA SIERRA INGLETEADORA TELESCOPICA DEWALT DW717 NO. 641463-00","MANTENIMIENTO","PZ","",""
"BARNIZ POLYFORM 11000 BRILLANTE C/CATALIZADOR Y SOLVENTE","BARNIZ, ACEITE Y PINTURA","LT","602.44","2025-06-18"
"BARNIZ POLYFORM 11000 MATE C/CATALIZADOR Y SOLVENTE","BARNIZ, ACEITE Y PINTURA","LT","602.44","2025-06-18"
"BARNIZ POLYLITE 160-TMR TRANSPARENTE MATE CON SOLVENTE Y CATALIZADOR DIRECTO A METAL","BARNIZ, ACEITE Y PINTURA","LT","",""
"BARRA CUADRADA DE ALUMINIO 1/4"" SIN ACABADO 3.66 MT","METALICOS","TRAMO","137.93","2026-05-15"
"BARRA REDONDA ACERO INOXIDABLE T-304 1/2"" (6.10 MT *6KG)","METALICOS","TRAMO","",""
"BARRA REDONDA ACERO INOXIDABLE T-304 3/8"" (6.10 MT *2.100KG)","METALICOS","MT","53.47","2025-02-26"
"BARRA REDONDA DE ALUMINIO 3/16 SIN ACABADO 3.66 MT","METALICOS","TRAMO","",""
"BARRA REDONDA DE LATON 3/16"" X 3.66 MT","METALICOS","TRAMO","142.61","2026-01-27"
"BARRA REDONDA FIERRO 1/4"" PULIDO","METALICOS","TRAMO","60.34","2026-01-27"
"BARRA REDONDA FIERRO 3/8""","METALICOS","TRAMO","",""
"BARRERA DE VAPOR AISLANTE REFLECTANTE DOBLE BURBUJA ALUMINIO (M2M) 8MM X 1.22 X 38.10 MT 55029 AI R-FOIL","CONSTRUCCION","ROLLO","2242.71","2026-05-07"
"BARRIL CONECTOR 1/4-20X14.8X16MM GALV 3424","FERRETERIA","PZ","1.76","2024-12-31"
"BASE INCLINADA (2) BASE MURAL (1) 16A 3P+T 230VCA","FERRETERIA","PZ","",""
"BASE INCLINADA (2) BASE MURAL (1) 32A 3P+T 230VCA","FERRETERIA","PZ","",""
"BASE INCLINADA 16A 2P+T 230VCA","FERRETERIA","PZ","",""
"BASE INCLINADA 32A 3P+T 230 VCA","FERRETERIA","PZ","",""
"BASE PARA HILO DE DESBROZADORA (CABEZAL DE CORTE AUTOCUT 46-2)","REPUESTOS HERRAMIENTAS","PZ","",""
"BASE PARA PULIDORA DE BANDA (BASE (MBS400) MÁS BASE DE CORCHO (9401))","REPUESTOS HERRAMIENTAS","JG","",""
"BASE PARA PULIDORA ORBITAL (PLATO-SOPORTE) GRIP-919014400 MIRKA","REPUESTOS HERRAMIENTAS","PZ","",""
"BASE PARA PULIDORA ORBITAL DYNABRADE #PARTE 54325","REPUESTOS HERRAMIENTAS","PZ","599.0","2025-11-07"
"BASE/RESPALDO P/LIJADORA ELECTRICA DEWALT 5"" N329079 DWE6421","FERRETERIA","PZ","211.21","2025-12-09"
"BASE/RESPALDO P/LIJADORA NEUMATICA TRUPER VINIL P/LIJAS AUTOADHERIBLES 6"" 19389","FERRETERIA","PZ","",""
"BASE/RESPALDO PARA PULIDORA BOSCH 5"" 2608000349","FERRETERIA","PZ","362.07","2025-01-08"
"BASE/RESPALDO/PLATO DICASA CON SOPORTE DE VELCRO 5"" CADUCEO","REPUESTOS HERRAMIENTAS","PZ","187.67","2026-02-25"
"BASE/RESPALDO/PLATO PARA PULIDORA ELECTRICA BOSCH 5""-1387","REPUESTOS HERRAMIENTAS","PZ","",""
"BASE/RESPALDO/PLATO PARA PULIDORA ELECTRICA DEWALT 5""","REPUESTOS HERRAMIENTAS","PZ","",""
"BASE/RESPALDO/PLATO PARA PULIDORA ELECTRICA TRUPER HOOK AND LOOP PARA LIRO-5a","REPUESTOS HERRAMIENTAS","PZ","",""
"BASE/RESPALDO/PLATO PARA PULIDORA ORBITAL KARLEN 5""","REPUESTOS HERRAMIENTAS","PZ","",""
"BATERIA I 18V BOSCH GBA 18V ZM35-521250179","HERRAMIENTAS","PZ","",""
"BATERIA I 20V  DEWALT  DCB205 NA575411 Z0F9BRO","HERRAMIENTAS","PZ","",""
"BATERIA II 18V BOSCH GBA 18V ZM35-521250187","HERRAMIENTAS","PZ","",""
"BATERIA II 20V DEWALT  DCB205 NA575411 Z0F9C21","HERRAMIENTAS","PZ","",""
"BATERIA III 18V BOSCH GBA 18V ZM35-521240390","HERRAMIENTAS","PZ","",""
"BATERIA III 20V DEWALT  DCB205 NA575411 Z0F9BU6","HERRAMIENTAS","PZ","",""
"BATERIA IV 18V BOSCH GBA 18V ZM35-521240389","HERRAMIENTAS","PZ","",""
"BATERIA IV 20V DEWALT  DCB205 NA575411 Z0F9C22","HERRAMIENTAS","PZ","",""
"BICOLOR","PAPELERIA","PZ","",""
"BISAGRA 1-1/2"" X 1-3/16"" HERMEX 46910 BR-152 LATON ANTIGUO","FERRETERIA","PZ","4.74","2026-03-06"
"BISAGRA 1-5/8"" x 2"" PHILLIPS 120E CTP A 1345","FERRETERIA","PZ","",""
"BISAGRA 2X2 S/BALERO C/PLANA C/T 7205","FERRETERIA","PZ","26.33","2025-02-10"
"BISAGRA 3 X 2 PHILLIPS 1347","FERRETERIA","PZ","",""
"BISAGRA 3.5X3.5 HAFELE 926.24.060","FERRETERIA","PZ","",""
"BISAGRA 3.5X3.5 PHILLIPS 635BB","FERRETERIA","PZ","",""
"BISAGRA 3X3 926.24.000","FERRETERIA","PZ","",""
"BISAGRA 3X3 C/BALERO DEXTER 7212 LATON ANTIGUO","FERRETERIA","PZ","",""
"BISAGRA 3X3 C/BALERO HAFELE 926.24.000","FERRETERIA","PZ","46.45","2024-12-17"
"BISAGRA 3X3 HAFELE 926.24.050 C/BALERO NEGRA","FERRETERIA","PZ","55.9","2026-05-20"
"BISAGRA 3X3 HAFELE 926.65.000","FERRETERIA","PZ","144.71","2025-05-12"
"BISAGRA 3X3 S/BALERO DEXTER 7248","FERRETERIA","PZ","",""
"BISAGRA 4.5X4 HAFELE 926.24.080","FERRETERIA","PZ","",""
"BISAGRA 4.5X4 HAFELE 926.35.003","FERRETERIA","PZ","",""
"BISAGRA 4X3 HAFELE","FERRETERIA","PZ","",""
"BISAGRA 4X4 HAFELE 926.65.030","FERRETERIA","PZ","",""
"BISAGRA 6X4 JAKO  C/BALEROS INOX CMJ039","FERRETERIA","PZ","",""
"BISAGRA 75 X 48 ACERO INOX JAKO","FERRETERIA","PZ","",""
"BISAGRA BIDIMENSIONAL 110° COBERTURA COMPLETA TOP BLUMOTION (71B3550) C/BASE CLIP 9MM (175H7190)","FERRETERIA","PZ","94.28","2025-09-19"
"BISAGRA BIDIMENSIONAL 135° O DE UNION DUCASE 3012100004","FERRETERIA","JG","",""
"BISAGRA BIDIMENSIONAL 165° DUCASE 3012100003","FERRETERIA","JG","",""
"BISAGRA BIDIMENSIONAL BRAZO CORTO DUCASSE 3010100366","FERRETERIA","JG","",""
"BISAGRA BIDIMENSIONAL CIERRE SUAVE COB. COMPLETA C/T 3662 HANDY HOME","FERRETERIA","JG","24.77","2025-06-02"
"BISAGRA BIDIMENSIONAL CIERRE SUAVE COB. COMPLETA RECTA HAFELE 315.07.023","FERRETERIA","JG","50.7","2026-01-21"
"BISAGRA BIDIMENSIONAL CIERRE SUAVE COB. COPLETA RECTA NEGRA 483.01.755","FERRETERIA","JG","",""
"BISAGRA BIDIMENSIONAL CIERRE SUAVE COB. CURVA HAFELE 315.07.025 (ENRASADA)","FERRETERIA","JG","52.0","2026-02-27"
"BISAGRA BIDIMENSIONAL CIERRE SUAVE COB. MEDIA C/T 3663 HANDY HOME","FERRETERIA","JG","24.77","2025-06-02"
"BISAGRA BIDIMENSIONAL CIERRE SUAVE COB. MEDIA SEMICURVA HAFELE 315.07.024","FERRETERIA","JG","52.0","2026-01-21"
"BISAGRA BIDIMENSIONAL COBERTURA COMPLETA 35MM RECTA 483.01.735","FERRETERIA","JG","10.8","2025-02-17"
"BISAGRA BIDIMENSIONAL COBERTURA INTERNA 35MM CURVA 483.01.737","FERRETERIA","JG","",""
"BISAGRA BIDIMENSIONAL COBERTURA MEDIA 35MM SEMI CURVA 483.01.736","FERRETERIA","JG","",""
"BISAGRA BIDIMENSIONAL CURVA GRAN ESPESOR CIERRE SUAVE 176V2 HERRASA","FERRETERIA","PZ","47.28","2026-02-24"
"BISAGRA BIDIMENSIONAL CURVA P/PTA GRUESA CIERRE SUAVE 174V2 ALIS SALICE","FERRETERIA","PZ","40.45","2025-07-22"
"BISAGRA BIDIMENSIONAL CURVA P/PTA GRUESA KUMY FULL 155V2 ALIS","FERRETERIA","JG","",""
"BISAGRA BIDIMENSIONAL GRAN ESPESOR RECTA CIERRE SUAVE JAKO INOX 137V2","FERRETERIA","PZ","129.8","2025-09-19"
"BISAGRA BIDIMENSIONAL PUSH SEMI SOBREPUESTA 493.01.868 PASA A 493.01.879","FERRETERIA","JG","",""
"BISAGRA BIDIMENSIONAL PUSH SOBREPUESTA COB COMPLETA 493.01.867 PASA A 493.01.881","FERRETERIA","JG","",""
"BISAGRA BIDIMENSIONAL RECTA PTA GSA C/BASE SALICE E6000.17 Y BASE E9000.17","FERRETERIA","PZ","125.0","2025-07-22"
"BISAGRA BIDIMENSIONAL RECTA SIN MUELLE (LOCA) 110° C/BASE SALICE 157V2","FERRETERIA","PZ","47.85","2025-02-19"
"BISAGRA BIDIMENSIONAL SEMICURVA 26MM DUCASSE 3013105000","FERRETERIA","JG","",""
"BISAGRA CABEZA PLANA 1""X1"" PLATA (2-PIEZAS) VEKER","FERRETERIA","PAR","",""
"BISAGRA DE CAJA 41*8 NS 100 H0052","FERRETERIA","PZ","",""
"BISAGRA DE PARCHE NIQUEL C/T 3151 HANDY HOME","FERRETERIA","PZ","",""
"BISAGRA DE PISO PHILLIPS MOD. 1500 LATON ANTIGUO 1220","FERRETERIA","PZ","",""
"BISAGRA DE PISO PHILLIPS MOD. 1500 RA CS 2085","FERRETERIA","PZ","",""
"BISAGRA MAGNETO DOBLE NEGRO 1108DOBNE","FERRETERIA","JG","",""
"BISAGRA OCULTA 341.07.401 PASA A 341.18.421","FERRETERIA","PZ","87.77","2025-07-15"
"BISAGRA OCULTA 341.07.402 PASA A 341.18.423","FERRETERIA","PZ","127.64","2025-02-10"
"BISAGRA OCULTA 341.07.404 PASA A 341.18.427","FERRETERIA","PZ","287.24","2025-07-15"
"BISAGRA OCULTA 341.18.425","FERRETERIA","PZ","164.68","2026-02-23"
"BISAGRA OCULTA 341.18.429","FERRETERIA","PZ","",""
"BISAGRA OCULTA 8MM LATON ALIS 13CV1","FERRETERIA","PZ","",""
"BISAGRA P/MESA JAKO APERTURA 180° NIQUEL","FERRETERIA","PZ","",""
"BISAGRA PARA CAJA DE PURO ESCUADRA ALIS 214VI1","FERRETERIA","PZ","75.41","2025-05-19"
"BISAGRA PARA PUERTA DE VIDRIO 3-5MM","FERRETERIA","PAR","",""
"BISAGRA PUSH INTERNA 493.01.869 PASA A 493.01.880","FERRETERIA","JG","36.45","2025-02-12"
"BISAGRA SIMONSWERK TECTUS TE 240 NEGRA MATE","FERRETERIA","PZ","1043.33","2025-11-12"
"BISAGRA SIMONSWERK TECTUS TE 340 NEGRA MATE","FERRETERIA","PZ","1130.48","2025-11-04"
"BISAGRA TUBULAR 3/8"" SOLDABLE","FERRETERIA","PZ","",""
"BISAGRA TUBULAR 5/8"" SOLDABLE","FERRETERIA","PZ","6.9","2025-11-03"
"BLOQUE ABRASIVO FANDELI G.220 98X69X26MM 14544","LIJAS Y ABRASIVOS","PZ","17.68","2025-08-15"
"BOBINA PARA ELECTROVALVULA MARCA AIRTAC, MOD. V210AC110V, SERIE 4V210","ELECTRICO E ILUMINACION","PZ","290.0","2026-03-26"
"BOCALLAVE MOD 1 NEGRA IKEDA","FERRETERIA","PAR","",""
"BOLSA CONTENEDORA DE POLVO PARA PULIDORA DE BANDA MAKITA 1225629","FERRETERIA","PZ","",""
"BOLSA CONTENEDORA DE POLVO PARA PULIDORA DE BANDA MAKITA 1233280","FERRETERIA","PZ","",""
"BOLSA PARA AGAVES NEGRA 18X25","FERRETERIA","KG","",""
"BOLSA PARA BASURA 60 X 80","PRODUCTO DE LIMPIEZA","ROLLO","",""
"BORNE DE 1/2 MACHO","FERRETERIA","PZ","",""
"BOTA PARA CIRUJANO SIN PLANTILLA AZUL L17-BOT-S/P-25","EQ SEGURIDAD","PAR","6.66","2026-05-19"
"BOTADOR DE CLAVOS STANLEY 58-230","FERRETERIA","PZ","",""
"BOTELLA DE PLASTICO NATURAL TIPO ALCOHOLERA 1L","BARNIZ, ACEITE Y PINTURA","PZ","8.62","2025-01-16"
"BOTELLERO EXTRAIBLE P/GABINETE 150MM HAFELE 545.26.210","FERRETERIA","KIT","",""
"BOTIQUIN (ASPIRINA, IBUPROFENO, PARACETAMOL, ALCASELTZER, CINTA MICROPORE","EQ SEGURIDAD","KIT","",""
"BOTON DE CONTACTO INC SLPL41 WISDOM","FERRETERIA","PZ","",""
"BOTON DE CONTACTO INO SLPL42 WISDOM","FERRETERIA","PZ","",""
"BOTON DE PARO DE ARRANQUE 1XTBSP-315 15A 220V","MANTENIMIENTO","PZ","275.54","2025-01-13"
"BOTON DOBLE SALIENTE SLPDN WISDOM","FERRETERIA","PZ","",""
"BRASSO ANTIGRASA 650 ML","MANTENIMIENTO","PZ","",""
"BRAZO DUO NEGRO 37MM 373.66.212 HAFELE","FERRETERIA","PZ","",""
"BRAZO DUO NIQUEL 37MM 483.05.144 HAFELE","FERRETERIA","JG","161.73","2025-03-28"
"BRIDA DE ACERO GALVANIZADA 3/4"" CG-602 48738 FOSET","FERRETERIA","PZ","562.34","2024-12-12"
"BRIDA LATERAL NEGRO 803.54.300","FERRETERIA","PZ","8.89","2025-02-28"
"BRIDA P/TUBO OVALADO 15X30M 803.39.100 PASA A 803.64.400 NEGRA","FERRETERIA","PZ","",""
"BRIDA P/TUBO OVALADO CR C7T 4324","FERRETERIA","PZ","6.14","2024-12-31"
"BROCA 1/2""","SIERRAS, CUCHILLAS Y BROCAS","PZ","",""
"BROCA 1/4""","SIERRAS, CUCHILLAS Y BROCAS","PZ","35.45","2025-05-15"
"BROCA 1/4"" X 12"" ZANCO","SIERRAS, CUCHILLAS Y BROCAS","PZ","",""
"BROCA 1/8""","SIERRAS, CUCHILLAS Y BROCAS","PZ","12.01","2026-02-27"
"BROCA 11/64""","SIERRAS, CUCHILLAS Y BROCAS","PZ","17.49","2023-03-01"
"BROCA 13/32""","SIERRAS, CUCHILLAS Y BROCAS","PZ","",""
"BROCA 13/64""","SIERRAS, CUCHILLAS Y BROCAS","PZ","",""
"BROCA 15/32""","SIERRAS, CUCHILLAS Y BROCAS","PZ","",""
"BROCA 3/16""","SIERRAS, CUCHILLAS Y BROCAS","PZ","20.25","2024-07-01"
"BROCA 3/4X5/8X1/2 FBCM3/4 SACSA","SIERRAS, CUCHILLAS Y BROCAS","PZ","",""
"BROCA 5/16""","SIERRAS, CUCHILLAS Y BROCAS","PZ","",""
"BROCA 5/16"" X 12"" 2610041226","SIERRAS, CUCHILLAS Y BROCAS","PZ","",""
"BROCA 5/32""","SIERRAS, CUCHILLAS Y BROCAS","PZ","15.0","2025-12-03"
"BROCA 5/64""","SIERRAS, CUCHILLAS Y BROCAS","PZ","",""
"BROCA 5/8""","SIERRAS, CUCHILLAS Y BROCAS","PZ","",""
"BROCA 7/32""","SIERRAS, CUCHILLAS Y BROCAS","PZ","",""
"BROCA 7/64""","SIERRAS, CUCHILLAS Y BROCAS","PZ","",""
"BROCA 7/8""","SIERRAS, CUCHILLAS Y BROCAS","PZ","",""
"BROCA 9/64""","SIERRAS, CUCHILLAS Y BROCAS","PZ","",""
"BROCA CHAFLAN 1/4X1 C/BALERO MD-530C","SIERRAS, CUCHILLAS Y BROCAS","PZ","",""
"BROCA CORTADOR 2 FILOS 1/2 X 1/2 X 2 BRG-779C","SIERRAS, CUCHILLAS Y BROCAS","PZ","269.23","2025-11-13"
"BROCA CORTADOR 2 FILOS 1/2X1 BRG-778C","SIERRAS, CUCHILLAS Y BROCAS","PZ","230.28","2025-04-04"
"BROCA CORTADOR 2 FILOS 1/2X3/8 BRG-772C","SIERRAS, CUCHILLAS Y BROCAS","PZ","",""
"BROCA CORTADOR 2 FILOS 1/4 X 1 BR-09C","SIERRAS, CUCHILLAS Y BROCAS","PZ","116.79","2025-04-04"
"BROCA CORTADOR 2 FILOS 1/4 X 1/4 X 3/4 BR-08C","SIERRAS, CUCHILLAS Y BROCAS","PZ","",""
"BROCA CORTADOR 2 FILOS 1/4 X 3/8 X 1"" BR-12C","SIERRAS, CUCHILLAS Y BROCAS","PZ","206.9","2026-04-07"
"BROCA CORTADOR 2 FILOS 1/4X5/8X3/4 BR-20028C","SIERRAS, CUCHILLAS Y BROCAS","PZ","",""
"BROCA CORTADOR 3 FILOS 1/2 X 1/2 X 2"" BRG-1001C","SIERRAS, CUCHILLAS Y BROCAS","PZ","328.02","2025-09-01"
"BROCA DE ACERO ALTA VELOCIDAD NEGRA ZANCO LARGO 5/16""","SIERRAS, CUCHILLAS Y BROCAS","PZ","440.0","2026-03-13"
"BROCA DIAMANTE CORTACIRCULOS DE 1"" P/CONCRETO C/MANDRIL","SIERRAS, CUCHILLAS Y BROCAS","PZ","",""
"BROCA FORSTNER 35MM MILWAUKEE 48-14-1376","SIERRAS, CUCHILLAS Y BROCAS","PZ","377.59","2026-05-06"
"BROCA FRESA CHAFLAN ZANCO DE 1/2 X 3"" FREMOLMEX","SIERRAS, CUCHILLAS Y BROCAS","PZ","",""
"BROCA HM 2"" FBCM2 SACSA 45°","SIERRAS, CUCHILLAS Y BROCAS","PZ","1017.0","2024-12-06"
"BROCA HM 3/8 X 1-1/2 X 1/2 FABRICACION ESPECIAL FBC11/2","SIERRAS, CUCHILLAS Y BROCAS","PZ","756.35","2025-01-16"
"BROCA HM 3/8 X 1-1/4 X 1/2 WHITESIDE #1063","SIERRAS, CUCHILLAS Y BROCAS","PZ","654.8","2025-01-15"
"BROCA HM DE 2"" FBCM2 SACSA 45°","SIERRAS, CUCHILLAS Y BROCAS","PZ","",""
"BROCA MEDIA CAÑA 1/4X1/2 MD-465C","SIERRAS, CUCHILLAS Y BROCAS","PZ","",""
"BROCA MEDIA CAÑA HM 5/8X1-1/2X2X1/2 FABRICACION ESP BROCA992 SACSA","SIERRAS, CUCHILLAS Y BROCAS","PZ","752.96","2025-07-21"
"BROCA MEDIA CAÑA ZANCO DE 1/2 X 5/8 LARGA DE 1-1/2"" FREMOLMEX","SIERRAS, CUCHILLAS Y BROCAS","PZ","",""
"BROCA MOLDURA LAMINADA DE ALUMINIO INVECTRA DE CARBURO 1/4 X 5/8 X 1/2""","SIERRAS, CUCHILLAS Y BROCAS","PZ","",""
"BROCA MULTICONSTRUCCION MILWAUKE 3/16"" X 6"" 48208884","SIERRAS, CUCHILLAS Y BROCAS","PZ","75.86","2024-12-17"
"BROCA PARA CLAVACOTE 1/2 MM-363 PASA A BC-628C","SIERRAS, CUCHILLAS Y BROCAS","PZ","",""
"BROCA PARA CLAVACOTE 1/2X2 BC-630C","SIERRAS, CUCHILLAS Y BROCAS","PZ","175.6","2025-07-25"
"BROCA PARA CLAVACOTE 3/8 BC-828-2C","SIERRAS, CUCHILLAS Y BROCAS","PZ","",""
"BROCA PARA CONCRETO 1/2 X 6","SIERRAS, CUCHILLAS Y BROCAS","PZ","",""
"BROCA PARA ESCOPLO D-12mm. GL-115mm, NL-70mm FELDER GROUP (BROCA DE RANURA PRECISION)","SIERRAS, CUCHILLAS Y BROCAS","PZ","",""
"BROCA PARA ESCOPLO D-6mm. FELDER GROUP (FRESADORA DE RANURADO PRECISION)","SIERRAS, CUCHILLAS Y BROCAS","PZ","",""
"BROCA PARA ESCOPLO D-8mm. FELDER GROUP (FRESADORA DE RANURADO PRECISION)","SIERRAS, CUCHILLAS Y BROCAS","PZ","",""
"BROCA PARA ESCOPLO DE CARBURO 1/2X1X2-3/4X1/2X6 AMANA TOOL NO. 45540","SIERRAS, CUCHILLAS Y BROCAS","PZ","1440.55","2025-04-15"
"BROCA PARA ESCOPLO HM 1/2 X 3/8 X 9.53 FCB1/2 SACSA","SIERRAS, CUCHILLAS Y BROCAS","PZ","972","2025-05-06"
"BROCA PARA METAL 1/4 X 10""","SIERRAS, CUCHILLAS Y BROCAS","PZ","",""
"BROCA PARA METAL 1/4X12""","SIERRAS, CUCHILLAS Y BROCAS","PZ","",""
"BROCA PARA ROUTER 1/4 X 5/8"" X 1/4"" CORTE RECTO MCA TRUPER 102720","SIERRAS, CUCHILLAS Y BROCAS","PZ","",""
"BROCA PARA ROUTER 1/4"" X 1"" X 1/4"" CORTE RECTO MCA TRUPER 11453","SIERRAS, CUCHILLAS Y BROCAS","PZ","",""
"BROCA PARA ROUTER 1/4"" X 3/4"" X 1/4"" CORTE RECTO MCA TRUPER 11452","SIERRAS, CUCHILLAS Y BROCAS","PZ","",""
"BROCA PARA ROUTER SANCO DE 1/2 CON CUCHILLA DE CARBURO DE TUNGSTENO","SIERRAS, CUCHILLAS Y BROCAS","PZ","",""
"BROCA PARA TALADRO MULTIPLE 1/4"" DERECHA 70 X 10","SIERRAS, CUCHILLAS Y BROCAS","PZ","",""
"BROCA PARA TALADRO MULTIPLE 1/4"" IZQUIERDA 70 X 10","SIERRAS, CUCHILLAS Y BROCAS","PZ","",""
"BROCA PARA TALADRO MULTIPLE 3/16"" DERECHA 70 X 10","SIERRAS, CUCHILLAS Y BROCAS","PZ","",""
"BROCA PARA TALADRO MULTIPLE 3/16"" IZQUIERDA 70 X 10","SIERRAS, CUCHILLAS Y BROCAS","PZ","",""
"BROCA PARA TALADRO MULTIPLE 3/8"" DERECHA 70 X 10","SIERRAS, CUCHILLAS Y BROCAS","PZ","",""
"BROCA PARA TALADRO MULTIPLE 3/8"" IZQUIERDA 70 X 10","SIERRAS, CUCHILLAS Y BROCAS","PZ","",""
"BROCA PARA VIDRIO TRUPER 11705 1/2""","SIERRAS, CUCHILLAS Y BROCAS","PZ","",""
"BROCA PERFILADOR 1-1/2 PF-626C","SIERRAS, CUCHILLAS Y BROCAS","PZ","",""
"BROCA PERFILADOR 3 FILOS 1/2 X 1/2 X 1-1/2"" LOBUS PF-624C","SIERRAS, CUCHILLAS Y BROCAS","PZ","",""
"BROCA PERFILADOR 3 FILOS 2"" PF-625C","SIERRAS, CUCHILLAS Y BROCAS","PZ","337.19","2025-11-13"
"BROCA PLANA O MANITA MAKITA 1"" D-24614","SIERRAS, CUCHILLAS Y BROCAS","PZ","44.46","2026-02-27"
"BROCA PLANA O MANITA MAKITA 1-1/2"" D-26509","SIERRAS, CUCHILLAS Y BROCAS","PZ","79.56","2026-02-27"
"BROCA PLANA O MANITA MAKITA 1-1/4"" D-24658","SIERRAS, CUCHILLAS Y BROCAS","PZ","",""
"BROCA PLANA O MANITA MAKITA 1/2"" D-26490","SIERRAS, CUCHILLAS Y BROCAS","PZ","30.41","2026-02-27"
"BROCA PLANA O MANITA MAKITA 1/4"" D-24016","SIERRAS, CUCHILLAS Y BROCAS","PZ","",""
"BROCA PLANA O MANITA MAKITA 3/4"" D-24583","SIERRAS, CUCHILLAS Y BROCAS","PZ","37.44","2026-02-27"
"BROCA PLANA O MANITA MAKITA 3/8"" X6"" D-24527","SIERRAS, CUCHILLAS Y BROCAS","PZ","47.41","2026-02-18"
"BROCA PLANA O MANITA MAKITA 5/8"" X 6"" D24561","SIERRAS, CUCHILLAS Y BROCAS","PZ","",""
"BROCA PLANA O MANITA MAKITA 7/8"" D-24000","SIERRAS, CUCHILLAS Y BROCAS","PZ","43.29","2026-02-27"
"BROCA RECTA 2 FILOS 1/2X1/2 BRG-774C","SIERRAS, CUCHILLAS Y BROCAS","PZ","",""
"BROCA RECTA 2 FILOS 1/2X3/4 BRG-776C","SIERRAS, CUCHILLAS Y BROCAS","PZ","",""
"BROCA SDS 1"" X 8"" X 10"" 2608685972","SIERRAS, CUCHILLAS Y BROCAS","PZ","",""
"BROCA SDS 1/2"" X 12"" TRUPER","SIERRAS, CUCHILLAS Y BROCAS","PZ","",""
"BROCA SDS 1/4 X 10""","SIERRAS, CUCHILLAS Y BROCAS","PZ","",""
"BROCA SDS 3/16 X 4""","SIERRAS, CUCHILLAS Y BROCAS","PZ","",""
"BROCA SDS 3/8 X 12"" BREENFIELD","SIERRAS, CUCHILLAS Y BROCAS","PZ","",""
"BROCA SDS PLUS 1/4 X 12"" TRUPER CODIGO: 101144 BS-1/4X12","SIERRAS, CUCHILLAS Y BROCAS","PZ","53.45","2025-05-07"
"BROCA SDS PLUS 1/4 X 6-1/4 D00876","SIERRAS, CUCHILLAS Y BROCAS","PZ","29.25","2025-03-24"
"BROCA SDS PLUS 1/4 X 8-1/4 D00882","SIERRAS, CUCHILLAS Y BROCAS","PZ","37.44","2025-04-25"
"BROCA SDS PLUS 3/16 X 6 48-20-7411 MILWAUKEE","SIERRAS, CUCHILLAS Y BROCAS","PZ","125.0","2025-11-07"
"BROCA SDS PLUS 3/16 X 6-1/4 X 3-5/8 D00832","SIERRAS, CUCHILLAS Y BROCAS","PZ","29.25","2025-11-07"
"BROCA SDS PLUS 3/8 X 6-1/4 X 3-5/8 D00929","SIERRAS, CUCHILLAS Y BROCAS","PZ","32.76","2025-03-24"
"BROCA SDS PLUS 5/16 X 6-1/4 X 3-5/8 D00907","SIERRAS, CUCHILLAS Y BROCAS","PZ","29.25","2025-11-10"
"BROCA SDS PLUS 5/8 X 12"" DW5447","SIERRAS, CUCHILLAS Y BROCAS","PZ","262.93","2025-08-04"
"BROCA SIERRA BI METALICA DE 4"" MILWAUKEE","SIERRAS, CUCHILLAS Y BROCAS","PZ","430.17","2024-01-15"
"BROCA SIERRA BI METALICA DE 4-1/2"" MILWAUKEE","SIERRAS, CUCHILLAS Y BROCAS","PZ","576.72","2024-01-15"
"BROCA SIERRA CON DIAMANTE 1-1/4"" TRUPER 17128","SIERRAS, CUCHILLAS Y BROCAS","PZ","258.62","2025-08-05"
"BROCA SIERRA CON DIAMANTE 3/4"" TRUPER 17124","SIERRAS, CUCHILLAS Y BROCAS","PZ","168.1","2025-07-14"
"BROCA ZANCO ALTA VELOCIDAD 1"" X 1/2"" GLT 20-364","BARNIZ, ACEITE Y PINTURA","PZ","869.62","2025-09-26"
"BROCA ZANCO ALTA VELOCIDAD 5/16"" X 12"" NEGRA DE ACERO BZL5/16 URREA","BARNIZ, ACEITE Y PINTURA","PZ","440","2026-03-13"
"BROCA ZANCO ALTA VELOCIDAD 7/8"" X 1/2"" GLT 20-356","BARNIZ, ACEITE Y PINTURA","PZ","766.49","2025-09-26"
"BROCHA 1"" CERDAS NORMALES","BARNIZ, ACEITE Y PINTURA","PZ","6.98","2026-02-27"
"BROCHA 1"" PELO DE CAMELLO","BARNIZ, ACEITE Y PINTURA","PZ","",""
"BROCHA 1-1/2"" CERDAS NORMALES","BARNIZ, ACEITE Y PINTURA","PZ","12.5","2025-11-12"
"BROCHA 1/2"" CERDAS NATURALES","BARNIZ, ACEITE Y PINTURA","PZ","7.76","2025-01-02"
"BROCHA 2"" CERADAS NORMALES","BARNIZ, ACEITE Y PINTURA","PZ","10.46","2026-02-27"
"BROCHA 2"" PELO DE CAMELLO","BARNIZ, ACEITE Y PINTURA","PZ","31.9","2025-07-17"
"BROCHA 2-1/2"" CERADAS NORMALES","BARNIZ, ACEITE Y PINTURA","PZ","31.9","2024-12-19"
"BROCHA 2-1/2"" CERDAS NORMALES","BARNIZ, ACEITE Y PINTURA","PZ","14.52","2026-02-27"
"BROCHA 3"" CERDAS NORMALES","BARNIZ, ACEITE Y PINTURA","PZ","17.86","2026-02-27"
"BROCHA 3"" PELO DE CAMELLO","BARNIZ, ACEITE Y PINTURA","PZ","61.21","2025-10-04"
"BROCHA 4"" CERDAS NORMALES","BARNIZ, ACEITE Y PINTURA","PZ","28.04","2026-02-27"
"BROCHA 4"" PELO DE CAMELLO","BARNIZ, ACEITE Y PINTURA","PZ","99.14","2025-01-02"
"BROCHA 4"" PREMIER CERDAS LARGAS","BARNIZ, ACEITE Y PINTURA","PZ","",""
"BROCHE DE PRESIÓN CON IMÁN 3.7 X 5.5 CM NEGRO HANDY HOME MOD. 53350","FERRETERIA","PZ","23.28","2025-12-29"
"BROCHE DE PRESIÓN CON IMÁN DE 6 X 4.5 X 2 CM NEGRO HANDY HOME MOD. 53351","FERRETERIA","PZ","26.72","2025-12-29"
"BROCHE ESCARABAJO M3514-BL","FERRETERIA","PZ","26.97","2025-11-20"
"BROCHE MAGNETICO IMAN SENCILLO CAFÉ CT 3347 HANDY HOME","FERRETERIA","PZ","5.64","2026-03-24"
"BROCHE PARA BAUL LATON ANTIGUO 1.5"" MROMAX ‎MRO190816L-0004","FERRETERIA","PZ","50.86","2026-03-18"
"BUJE PARA CALADORA DEWALT DW317 582259-00","FERRETERIA","PZ","77.59","2025-01-10"
"BURLETE GUILLOTINA LF P/PUERTAS  DE MADERA 1050mm ALUMINIO ANODIZADO - antispiferos CYMISA","FERRETERIA","PZ","",""
"BURLETE GUILLOTINA LF P/PUERTAS  DE MADERA 950mm ALUMINIO ANODIZADO - antispiferos CYMISA","FERRETERIA","PZ","944.71","2026-04-24"
"CABLE DUPLEX #14","ELECTRICO E ILUMINACION","MT","25.86","2026-03-13"
"CABLE P/SOLDAR NO. 2","ELECTRICO E ILUMINACION","MT","",""
"CABLE USO RUDO 3X12 300V IUSA","ELECTRICO E ILUMINACION","MT","",""
"CABLE USO RUDO 4X12 300V IUSA","ELECTRICO E ILUMINACION","MT","",""
"CADENA CORTADA 3/8"" 0.43 PMMC3 MS-180 36100000055","METALICOS","PZ","",""
"CADENA CORTADA 3/8"" 0.63/1.6 25""/63 36 RSC 36210000084","FERRETERIA","PZ","414.66","2025-01-21"
"CADENA CORTADA 3/8"" PMC MICRO 1.1/0.43"" 16"" 36100000056","FERRETERIA","PZ","226.82","2024-12-12"
"CAJA CADENA PASO 40 JAPONESA","FERRETERIA","PZ","",""
"CAJA CONEXION RECTANGULAR FS 12.7 MM RAWELT","CONSTRUCCION","PZ","",""
"CAJA DE PLASTICO TRANSPARENTE 3X3","FERRETERIA","PZ","",""
"CAJA PARA HERRAMIENTA TRUPER COD. 10902, 23'x17' CON RUEDAS SKU: 7506240648901","FERRETERIA","PZ","719.83","2026-03-03"
"CANAL MONTEN 4"" X 6 MT C.14","CONSTRUCCION","PZ","",""
"CANAL MONTEN 6"" X 6 MT C.14","CONSTRUCCION","PZ","",""
"CANASTILLA EXTRAIBLE PARA CESTOS (BASURA) HANDY HOME CODIGO 5506","FERRETERIA","KIT","",""
"CANDADO HERMEX BASIC 50MM CH-50P","FERRETERIA","PZ","94.83","2025-05-07"
"CANDADO PHILLIPS 113 GENELOS SP 1178","FERRETERIA","JG","",""
"CANDADO PHILLIPS TX-9 2186","FERRETERIA","PZ","",""
"CARBON PARA CEPILLO ELECTRICO DEWALT 575963-02","REPUESTOS HERRAMIENTAS","PZ","",""
"CARBON PARA INGLETE 38102808B DEWALT","REPUESTOS HERRAMIENTAS","PZ","",""
"CARBON PARA INGLETE DEWALT DW717 N032830","REPUESTOS HERRAMIENTAS","PAR","189.66","2025-02-17"
"CARBON PARA ROUTER DEWALT D-26670","REPUESTOS HERRAMIENTAS","PZ","",""
"CARBONES ESCOBILLA PARA LIJADORA ORBITAL Gex 125-1 Ae 1387 BOSCH","REPUESTOS HERRAMIENTAS","PAR","152.1","2025-01-13"
"CARBONES PARA AMOLADORA DEWALT DWE4120-AR","REPUESTOS HERRAMIENTAS","PAR","185.34","2025-02-13"
"CARBONES PARA PULIDORA ORBITAL DEWALT DWE6421 N292059","REPUESTOS HERRAMIENTAS","PAR","103.45","2026-02-25"
"CARBONES PARA ROUTER BOSCH 1617EVS","REPUESTOS HERRAMIENTAS","PAR","",""
"CARBONES PARA SIERRA INGLETEADORA DEWALT DWS715 614367-00","REPUESTOS HERRAMIENTAS","PAR","172.41","2026-02-25"
"CARDA DE COPA 4"" CO-0510MM 11532","FERRETERIA","PZ","128.88","2024-05-01"
"CARDA DIAM 3"" C/ZANCO CA-3F 11575","FERRETERIA","PZ","",""
"CARGADOR DE BATERIAS I 12V/20V DEWALT  DCB1104-B3 2024 44QX","HERRAMIENTAS","PZ","",""
"CARGADOR DE BATERIAS I 18V 8A BOSCH GAL 1880 CV 000263","HERRAMIENTAS","PZ","",""
"CARGADOR DE BATERIAS II 12V/20V DEWALT  DCB1104-B3 2024 44QX","HERRAMIENTAS","PZ","",""
"CARGADOR DE BATERIAS II 18V 8A BOSCH GAL 1880 CV 000472","HERRAMIENTAS","PZ","",""
"CARGADOR DE CELULAR PARA AUTOS I 30W USB C/CABLE 3-PTOS UGREEN 40858 S/N","HERRAMIENTAS","KIT","",""
"CARGADOR DE CELULAR PARA AUTOS II 30W USB C/CABLE 3-PTOS UGREEN 40858 S/N","HERRAMIENTAS","KIT","",""
"CARGADOR DE CELULAR PARA AUTOS III 30W USB C/CABLE 3-PTOS UGREEN 40858 S/N","HERRAMIENTAS","KIT","",""
"CARGADOR DEWALT DCB0118 CARGA RAPIDA","REPUESTOS HERRAMIENTAS","PZ","",""
"CARRETILLA 4 RUEDAS WILCOT PLUS CAR4RGC","FERRETERIA","PZ","",""
"CARRETILLA GORRA DE NAPOLEON LINEA 2""","FERRETERIA","PZ","",""
"CARRETILLA LINEA 2"" GORRA NAPOLEON BALERO PF2","FERRETERIA","PZ","",""
"CARRETILLA LINEA 3"" ZOCLO PUERTA TIPO ESPAÑOLA","FERRETERIA","PZ","",""
"CARRETILLA TANDEM (2 RUEDAS) S-70, S-100 AJUST P/3"" GT-103/3 ALMI","FERRETERIA","PZ","359.62","2026-05-04"
"CARRETILLA TANDEM (2 RUEDAS) S-70, S-1000 GT1033ALMI","FERRETERIA","PZ","",""
"CARRETILLA TANDEM LINEA 3"" DOBLE BALERO TECNOMX","FERRETERIA","PZ","70.6","2025-03-24"
"CARRETILLA TROLE DE CARGA 1/2 TON PARA VIGAS IPS E IPR AJUSTABLE","FERRETERIA","PZ","",""
"CARTON CORRUGADO 1.20 MT X 100 MT","PAPELERIA","ROLLO","",""
"CARTON CORRUGADO 1.60 MT","PAPELERIA","ROLLO","2295.41","2026-03-03"
"CARTON CORRUGADO RC-7001 MTY","PAPELERIA","ROLLO","2349.0","2026-01-13"
"CARTUCHO P/MASCARILLA RESPIRADOR SURTEK 137354","EQ SEGURIDAD","PZ","60.34","2025-01-02"
"CARTUCHO P/RESPIRADOR PRETUL 23393","EQ SEGURIDAD","PZ","",""
"CARTUCHO P/VAPORES ORGANICOS 6001 3M","EQ SEGURIDAD","PAR","309.74","2025-10-21"
"CEMENTO CRUZ AZUL","CONSTRUCCION","BULTO","",""
"CENTRO DE CARGA 2 POLOS 50A 120/24 BTPLUG-028 GEO","ELECTRICO E ILUMINACION","PZ","134.85","2026-01-22"
"CEPILLO CARPINTERO CORRUGADO NO. 5 STANLEY 12-175","HERRAMIENTAS","PZ","770.84","2026-02-27"
"CEPILLO DE ALAMBRE C/MANGO CEA -54 11559","FERRETERIA","PZ","29.25","2025-01-08"
"CEPILLO DE PLASTICO MULTIUSOS IDEAL (03-MEDIANOS Y 01-CHICO)","FERRETERIA","PZ","",""
"CEPILLO MINI DE ALAMBRE (3 TIPOS) 7"" LAGO TRUPER 10652","FERRETERIA","KIT","",""
"CERA NATURAL PARA ZAPATOS","BARNIZ, ACEITE Y PINTURA","PZ","",""
"CERRADURA ASHICO CLOSET REDONDEADA 45X160MM LATON ANTIGUO COD. 761","FERRETERIA","PZ","911.21","2026-04-07"
"CERRADURA DE EMBUTIR BARROCO LL-LL T60 88591 TESA","FERRETERIA","PZ","",""
"CERRADURA DE EMBUTIR PARA PUERTAS CORREDIZAS JNF 20.938.BA","FERRETERIA","PZ","",""
"CERRADURA DE PRIVACIDAD DONTAY LATON ANTIGUO DTDLP-6PLTHP-SQG-2P-AMZ","FERRETERIA","PZ","515.09","2026-05-11"
"CERRADURA HAFELE 911.02.051 SATINADA","FERRETERIA","PZ","",""
"CERRADURA HAFELE DE EMBUTIR 230.17.300 NEGRA","FERRETERIA","PZ","31.41","2025-11-03"
"CERRADURA HAFELE PESTILLO MUERTO 232.40.320 NEGRA","FERRETERIA","PZ","32.1","2026-02-24"
"CERRADURA JAKO CUADRADA MOD. 81 INOX NEGRO P/PUERTA CORREDIZA 125M79","FERRETERIA","PZ","701.03","2026-03-13"
"CERRADURA MANIJA BRUKEN BAÑO CUADRO NIQUEL SATIN MCH4744NS","FERRETERIA","PZ","",""
"CERRADURA MANIJA BRUKEN RECAMARA CUADRO NIQUEL SATIN MCH4743NS","FERRETERIA","PZ","",""
"CERRADURA MANIJA HAFELE ARGOS P/BAÑO V-PACK 499.10.075 SATINADA","FERRETERIA","PZ","736.21","2025-08-12"
"CERRADURA MANIJA HAFELE ARGOS P/BAÑO V-PACK 499.10.168 NEGRA","FERRETERIA","PZ","",""
"CERRADURA MANIJA HAFELE ARGOS P/REC V-PACK 499.10.074 SATINADA","FERRETERIA","PZ","730.6","2025-08-12"
"CERRADURA MANIJA HAFELE ARGOS P/REC V-PACK 499.10.167 NEGRA","FERRETERIA","PZ","1163.5","2026-05-20"
"CERRADURA MANIJA HAFELE ARGOS PUERTA PRINCIPAL 499.10.073","FERRETERIA","KIT","730.6","2025-09-29"
"CERRADURA MANIJA HAFELE ARGOS PUERTA PRINCIPAL 499.10.166 NEGRA","FERRETERIA","KIT","1159.6","2026-02-27"
"CERRADURA MANIJA HAFELE PARA BAÑO 911.02.055","FERRETERIA","PZ","",""
"CERRADURA MULTIPLE DE PUNTOS MOD. 400-50 JAKO","FERRETERIA","KIT","5267.43","2025-01-27"
"CERRADURA P/MUEBLE DEXTER CAÑON GRANDE NEGRO 6423","FERRETERIA","PZ","125.41","2025-08-27"
"CERRADURA P/PUERTA CORREDIZA ETC NIQ. SAT. 151M79 CON ROSETA CUADRADA","FERRETERIA","KIT","335.77","2025-06-02"
"CERRADURA PARA EMBUTIR URREA L2101 LATON ANTIGUO GANCHO","FERRETERIA","PZ","",""
"CERRADURA PARA EMBUTIR URREA L2102 LATON ANTIGUO PALETA","FERRETERIA","PZ","",""
"CERRADURA PHILLIPS MOD X-1000 (01-LATON ANTIGUO, 02-CROMO)","FERRETERIA","PZ","",""
"CERRADURA PHILLIPS MOD X-1000 930 LATON ANTIGUO","FERRETERIA","PZ","",""
"CERRADURA PHILLIPS MOD X-1000 BOLT C-4817","FERRETERIA","PZ","383.06","2025-12-22"
"CERRADURA PHILLIPS MOD X-1000 C-570","FERRETERIA","PZ","325.09","2025-02-05"
"CERRADURA PHILLIPZ 200C","FERRETERIA","PZ","",""
"CERRADURA TOVER ALTA SEGURIDAD TO430-C C/CILINDRO 60MM ALIS","FERRETERIA","PZ","",""
"CERROJO R-15 GALVANIZADO","FERRETERIA","PZ","27.59","2025-11-03"
"CHALECO CON REFLEJANTE CON Y SIN LOGO","EQ SEGURIDAD","PZ","",""
"CHAPA DE RAIZ DE OLMO 0.45X 0.73 CM RAIRAI59130 LA CHAPA","MDF, TRIPLAY, ECOTAB","PZ","",""
"CIERRAPUERTAS USO MEDIO CAP. 65KG MOD. VS-6200SF (CAFÉ) JAKO","FERRETERIA","PZ","1025.28","2026-02-03"
"CIERRE A PRESION MINI LATCH BLANCO 27X34MM 245.54.701 PASA A 245.54.710","FERRETERIA","JG","40.39","2025-02-12"
"CIERRE MAGNETICO MARRON 1.8 KG 246.00.100","FERRETERIA","PZ","25.63","2025-08-18"
"CILINDRO ASHICO DUO LLAVE MARIPOSA LATON ANTIGUO 100MM","FERRETERIA","PZ","862.93","2025-06-27"
"CILINDRO DE SEGURIDAD MAGNUM 100MM LATON ANTIGUO LL-MAR DDS100KNAB IKEDA","FERRETERIA","PZ","831.8","2026-05-05"
"CILINDRO DE SEGURIDAD MAGNUM 120MM SATINADO/NIQUEL LL-MAR DDS120KNSN IKEDA","FERRETERIA","PZ","951.72","2024-12-19"
"CILINDRO DEXTER DELUXE 80MM LLAVE-MARIPOSA A.I. 6570","FERRETERIA","PZ","",""
"CILINDRO HAFELE LLAVE MARIPOSA 7 CM 916.91.902","FERRETERIA","PZ","",""
"CILINDRO HAFELE LLAVE MARIPOSA 7 CM 916.96.566","FERRETERIA","PZ","293.1","2025-12-19"
"CILINDRO PARA MECANISMO LLAVE-LLAVE 90MM 916.64.422 HAFELE","FERRETERIA","PZ","739.02","2026-03-03"
"CILINDRO PARA MECANISMO LLAVE-MARIPOSA 90MM NEGRO 916.64.427 HAFELE","FERRETERIA","PZ","835.26","2026-04-10"
"CILINDRO PARA MECANISMO LLAVE-MARIPOSA 90MM NEGRO ALTA SEG MCA. AKI","FERRETERIA","PZ","",""
"CILINDRO PARA MECANISMO LLAVE-POMO 60MM NEGRO IKEDA (CIL 103 POMO MB-60)","FERRETERIA","PZ","",""
"CINCEL PUNTA PARA DEMOLEDOR","SIERRAS, CUCHILLAS Y BROCAS","PZ","",""
"CINTA ADHESIVA ALUMINIO LISA 2"" X 55 MT SHURTAPE AF-914 A","FERRETERIA","PZ","117.11","2026-05-07"
"CINTA CANELA NAVITEK 95 48MM X 100M","PAPELERIA","PZ","26.46","2025-03-18"
"CINTA DE AISLAR CHICA","MANTENIMIENTO","PZ","",""
"CINTA MULTIUSOS PENNSYLVANIA HOGAR 3/16"" X 3/8""","FERRETERIA","MT","",""
"CINTA TRANSPARENTE NAVITEK 500 48MM X 100M","PAPELERIA","PZ","38.84","2025-10-01"
"CINTA TRANSPARENTE TUK 182 48MM X 100M","PAPELERIA","PZ","26.46","2025-03-18"
"CLAVIJA AEREA 16A 2P+T 230VCA","MANTENIMIENTO","PZ","",""
"CLAVIJA AEREA 16A 3P+T 230VCA","MANTENIMIENTO","PZ","",""
"CLAVIJA AEREA 16A 3P+T 400VCA","MANTENIMIENTO","PZ","",""
"CLAVIJA AEREA 32A 3P+T 230VCA","MANTENIMIENTO","PZ","",""
"CLAVIJA DE BRAQUELITA BLINDADA COOPER WD7411","MANTENIMIENTO","PZ","",""
"CLAVIJA METALICA DE SEGURIDAD 1/2V 4P 20A ARROW HART","MANTENIMIENTO","PZ","311.47","2025-02-17"
"CLAVIJA USO RUDO 125V, 15A, 2P+T SANELEC","MANTENIMIENTO","PZ","",""
"CLAVILLO M-10 10mm 3/8"" CAL 18 TRUPER COD. 18260","TORNILLERIA","CAJA","46.55","2024-12-31"
"CLAVILLO M-15 15mm 5/8"" CAL 18 TRUPER COD 18261","TORNILLERIA","CAJA","65.52","2024-12-31"
"CLAVILLO M-15 15mm 5/8"" CAL 18 TRUPER COD. 18262","TORNILLERIA","CAJA","",""
"CLAVILLO M-20 20mm 3/4"" CAL. 18","TORNILLERIA","CAJA","",""
"CLAVILLO M-20 20mm 3/4"" CAL. 18 TRUPER COD. 18262","TORNILLERIA","CAJA","40.81","2025-05-09"
"CLAVILLO M-25 25mm 1"" CAL. 18","TORNILLERIA","CAJA","75.78","2025-07-30"
"CLAVILLO M-25 25mm 1"" CAL. 18 TRUPER COD. 18263","TORNILLERIA","CAJA","107.76","2025-04-15"
"CLAVILLO M-30 30mm 1-1/4"" CAL. 18","TORNILLERIA","CAJA","86.78","2025-07-30"
"CLAVILLO M-40 40mm 1-1/2"" CAL. 18","TORNILLERIA","CAJA","91.38","2025-11-03"
"CLAVILLO M-50 50mm 2"" CAL. 18","TORNILLERIA","CAJA","126.22","2025-07-25"
"CLAVILLO/ALFILERILLO CALIBRE 23 1"" 25 mm COD. 13407","TORNILLERIA","CAJA","",""
"CLAVILLO/ALFILERILLO CALIBRE 23 19/32"" 15 mm COD. 13374","TORNILLERIA","CAJA","",""
"CLAVILLO/ALFILERILLO CALIBRE 23 23/32"" 18 mm COD. 13403","TORNILLERIA","CAJA","",""
"CLAVO 2-1/2""","TORNILLERIA","KG","",""
"CLAVO PARA CONCRETO 2""","TORNILLERIA","KG","",""
"CLAVO PARA CONCRETO 2-1/2""","TORNILLERIA","KG","",""
"CLAVO SIN CABEZA 1""","TORNILLERIA","KG","",""
"CLAVO SIN CABEZA 1-1/2""","TORNILLERIA","KG","",""
"CLAVO SIN CABEZA 2""","TORNILLERIA","KG","",""
"CLIP Z DE 50X34mm PARA INSTALACION DE PANELES A PARED CYMISA","FERRETERIA","PZ","",""
"CLIPS Y TORNILLERIA MADERA TC-2 (GRAPA PARA DECK)","TORNILLERIA","PZ","",""
"CLORO","PRODUCTO DE LIMPIEZA","LT","14.92","2026-05-05"
"COLADOR DE ARENA 4X4MM","CONSTRUCCION","PZ","",""
"COLLET 1/4""","MANTENIMIENTO","PZ","",""
"COLOR PARA CEMENTO AMARILLO OXIDO 1 KG CEMIX","CONSTRUCCION","PZ","",""
"CONECTOR ACOPLADOR RAPIDO GONI 1/4"" 41009","MANTENIMIENTO","PZ","52.59","2026-02-27"
"CONECTOR COPLE RAPIDO MACHO GONI 1/4"" 41019","MANTENIMIENTO","PZ","",""
"CONECTOR NIPLE RAPIDO HEMBRA GONI 1/4"" 41008","MANTENIMIENTO","PZ","",""
"CONECTOR NIPLE RAPIDO MACHO GONI 1/4"" BLISTER 41007","FERRETERIA","PZ","18.53","2026-02-27"
"CONEXION ESPIGA PARA MANGUERA C/CUERDA MACHO","FERRETERIA","PZ","24.22","2026-03-20"
"CONTACTO DUPLEX 2P+T INTEMPERIE CON PLACA 15A ARROW HART","ELECTRICO E ILUMINACION","PZ","",""
"CONTACTO DUPLEX DE SOBREPONER 2P+T","ELECTRICO E ILUMINACION","PZ","21.29","2026-03-13"
"CONTACTO DUPLEX FALLA A TIERRA NEGRO ESTEVEZ SKU 150964 MOD. HC-E92329","MANTENIMIENTO","PZ","",""
"CONTACTOR 25 AMPAC3 1 NA BOBINA 110 VOL","MANTENIMIENTO","PZ","",""
"CONTACTOR TRIFASICO 18A BOBINAS 220V CJX2-18","MANTENIMIENTO","PZ","203.51","2025-01-13"
"CORREDERA 8080 KV P 20"" 50 CM CODIGO: 8080-50 ALIS","FERRETERIA","JG","",""
"CORREDERA BLUMOTION (GUIA MOVENTO) S LN550 70 KG C/ACOPLAMIENTO TIP-O T51.7601 DER/T51.7601 IZQ","FERRETERIA","PZ","1010.98","2025-01-29"
"CORREDERA C/BALERO V-PACK 300mm 494.02.661 PASA A LA 494.02.911","FERRETERIA","JG","",""
"CORREDERA C/BALERO V-PACK 350mm 494.02.662 PASA A LA 494.02.912","FERRETERIA","JG","",""
"CORREDERA C/BALERO V-PACK 450mm 494.02.664 PASA A LA 494.02.914","FERRETERIA","JG","",""
"CORREDERA C/BALERO V-PACK 500mm 494.02.665","FERRETERIA","JG","77.5","2026-01-21"
"CORREDERA CIERRE SUAVE MONTAJE INF 35CM 421.38.735 PASA A 433.10.435","FERRETERIA","JG","311.22","2025-02-26"
"CORREDERA CIERRE SUAVE MONTAJE INF 40CM 421.38.740 PASA A 433.10.440","FERRETERIA","JG","337.81","2026-02-12"
"CORREDERA CIERRE SUAVE MONTAJE INF 50CM 421.38.750 PASA A 433.10.450","FERRETERIA","JG","258.7","2025-07-14"
"CORREDERA CIERRE SUAVE MONTAJE INF 55CM 421.38.755 PASA A 433.10.455","FERRETERIA","JG","393.79","2025-02-26"
"CORREDERA CIERRE SUAVE/PUSH MONTAJE INFERIOR 40CM 433.03.783","FERRETERIA","JG","430.59","2025-11-25"
"CORREDERA DE BALINES EXTENSION TOTAL TELESCOPICA 45 KG FR 5001.300 ARTI. 400920 CIERRE SUAVE","FERRETERIA","JG","214.66","2026-03-31"
"CORREDERA DE BALINES EXTENSION TOTAL TELESCOPICA 60 KG FR 5047.400 ARTI. 75808","FERRETERIA","JG","243.68","2026-03-31"
"CORREDERA DE BALINES EXTENSION TOTAL TELESCOPICA 60 KG FR 5047.700 ARTI. 75410","FERRETERIA","JG","521.46","2025-02-13"
"CORREDERA DE EXTENSION COMPLETA 50CM LOBUS ECO LBE135402","FERRETERIA","JG","45.49","2026-01-15"
"CORREDERA DE EXTENSION TOTAL 250MM CERRAJES 0303-081","FERRETERIA","JG","31.9","2025-07-21"
"CORREDERA EXT 10"" NIQUEL S/T","FERRETERIA","JG","",""
"CORREDERA EXT DELGADA 36X500MM ZINC 420.50.651","FERRETERIA","JG","",""
"CORREDERA NEGRA CIERRE SUAVE JAKO 25 CM","FERRETERIA","JG","",""
"CORREDERA OCULTA CIERRE SUAVE 400MM DUCASE 64010036040","FERRETERIA","JG","",""
"CORREDERA TANDEM PLUS BLUMOTION 300MM (560H3000B) C/ACOPLAMIENTO IZQ+DER (T51.1700.04)","FERRETERIA","JG","581.35","2026-03-06"
"CORREDERA TANDEM PLUS BLUMOTION 400MM (560H4000B) C/ACOPLAMIENTO IZQ+DER (T51.1700.04)","FERRETERIA","JG","540.18","2025-03-31"
"CORREDERA TANDEM PLUS BLUMOTION 450MM (560H4500B) C/ACOPLAMIENTO IZQ+DER (T51.1700.04)","FERRETERIA","JG","547.45","2025-09-19"
"CORREDERA TANDEM PLUS BLUMOTION 500MM (560H5000B) C/ACOPLAMIENTO IZQ+DER (T51.1700.04)","FERRETERIA","JG","557.9","2025-08-15"
"CORREDERA TANDEM PLUS BLUMOTION 550MM (560H5500B) C/ACOPLAMIENTO IZQ+DER (T51.1700.04)","FERRETERIA","JG","577.56","2025-03-31"
"CORREDERA V-PACK CIERRE SUAVE 300mm 494.02.641 PASA A 494.02.901","FERRETERIA","JG","148.65","2025-06-02"
"CORREDERA V-PACK CIERRE SUAVE 350mm 494.02.642","FERRETERIA","JG","181.97","2025-07-25"
"CORREDERA V-PACK CIERRE SUAVE 400mm 494.02.903","FERRETERIA","JG","195.36","2025-12-17"
"CORREDERA V-PACK CIERRE SUAVE 450mm 494.02.644 PASA A 494.02.904","FERRETERIA","JG","170.3","2026-02-23"
"CORREDERA V-PACK CIERRE SUAVE 500mm 494.02.645 PASA A 494.02.905","FERRETERIA","JG","180.7","2026-02-23"
"CORREDERA V-PACK CIERRE SUAVE 550mm 494.02.646 PASA A 494.02.906","FERRETERIA","JG","",""
"CORREDERA V-PACK PUSH 350MM 494.02.622","FERRETERIA","JG","",""
"CORREDERA V-PACK PUSH 400MM 494.02.623","FERRETERIA","JG","",""
"CORREDERA V-PACK PUSH 450MM 494.02.624","FERRETERIA","JG","",""
"CORREDERA V-PACK PUSH 500MM 494.02.625 PASA A 494.02.895","FERRETERIA","JG","",""
"CORTA VIDRIO SURTEK (101F)","SIERRAS, CUCHILLAS Y BROCAS","PZ","",""
"CORTE Y DIMENSIONADO DE TABLEROS CON CUBRECANTO","SERVICIOS","SERV","252.66","2025-06-25"
"CRISTAL ANTIRREFLEJANTE 2mm (TECNOCRISTALES)","CRISTAL","LOTE","297.16","2026-05-06"
"CRISTAL CLARO 10MM TEMPLADO","CRISTAL","LOTE","3476.87","2025-04-22"
"CRISTAL CLARO 2mm (TECNOCRISTALES)","CRISTAL","LOTE","214.55","2025-05-15"
"CRISTAL CLARO 3mm (TECNOCRISTALES)","CRISTAL","LOTE","592.68","2025-12-23"
"CRISTAL CLARO 4mm (REFSAN)","CRISTAL","LOTE","853.47","2025-10-01"
"CRISTAL CLARO 6MM INSULADO DUOVENT 6+6+6 TEMPLADO","CRISTAL","LOTE","5099.9","2026-05-15"
"CRISTAL CLARO 6mm (CRISTALERIA MEXICO)","CRISTAL","LOTE","",""
"CRISTAL CLARO 6mm (TECNOCRISTALES)","CRISTAL","LOTE","",""
"CRISTAL CLARO 9mm (TECNOCRISTALES)","CRISTAL","LOTE","68.73","2026-05-06"
"CRISTAL TEMPLADO (INSULADO) DUO 6+12+6 CLARO","CRISTAL","LOTE","257975.15","2025-08-26"
"CRISTAL TEMPLADO (INSULADO) DUO 6+6+6 SATINOVO+CLARO 6MM (CRISTALERIA MEXICO)","CRISTAL","LOTE","31738.75","2026-02-20"
"CRISTAL TEMPLADO CLARO DE 10mm (CRISTALERIA MEXICO)","CRISTAL","LOTE","5042.61","2025-07-04"
"CRISTAL TEMPLADO CLARO DE 6mm (CRISTALERIA MEXICO)","CRISTAL","LOTE","1556.85","2025-08-15"
"CUADRADO 1-1/2"" C.18","METALICOS","TRAMO","",""
"CUBIERTA DE GRANITO SPEEL GREI LEATHER CON ACABADO PULIDO","CONSTRUCCION","PZ","6520.0","2026-03-20"
"CUBIERTA P/COCINA MYSTIQUE DAWN 3.60 4762-07","MDF, TRIPLAY, ECOTAB","PZ","",""
"CUBIERTA P/COCINA PEARLWHITE 2.40 7907-01 GERTER","MDF, TRIPLAY, ECOTAB","PZ","3264.42","2025-08-08"
"CUBRE CANTO MADERA TZALAM 19MM C/PEGAMENTO","MADERA","MT","6.9","2026-03-10"
"CUCHILLA PARA CANTEADOR/CEPILLO HSS 350X25X3 18% SACSA 123841","SIERRAS, CUCHILLAS Y BROCAS","PZ","",""
"CUCHILLA PARA CANTEADOR/CEPILLO HSS 510X25X3 18% AITERTOOLS SACSA 121951","SIERRAS, CUCHILLAS Y BROCAS","PZ","1242.39","2025-08-27"
"CUCHILLA PARA CANTEADOR/CEPILLO HSS 610X26X3 18% SACSA","SIERRAS, CUCHILLAS Y BROCAS","PZ","",""
"CUCHILLA PARA CEPILLO #4 Y #5 1-12-313","SIERRAS, CUCHILLAS Y BROCAS","PAR","126.72","2025-05-12"
"CUCHILLA PARA CEPILLO ELECTRICO DEWALT 663291.00","SIERRAS, CUCHILLAS Y BROCAS","JG","422.41","2025-01-02"
"CUCHILLA PARA ENGALLETADORA DEWALT 4"" 6 DIENTES","REPUESTOS HERRAMIENTAS","PZ","",""
"CUCHILLA PARA ENSAMBLADORA (ENGALLETADORA) DEWALT DW6805 4"" (102MM), 6 DIENTES","SIERRAS, CUCHILLAS Y BROCAS","PZ","448.28","2025-01-02"
"CUTTER","FERRETERIA","PZ","",""
"CUÑA P/EMPLASTAR. CHICA FLEX. (ESPATULA)","FERRETERIA","PZ","",""
"CWF-UV 17.7 LT ACEITE (ACABADO MADERA BASE AGUA)","BARNIZ, ACEITE Y PINTURA","CUBETA","",""
"CWF-UV 4 LT","BARNIZ, ACEITE Y PINTURA","GALON","",""
"DADO PARA TALADRO DE IMPACTO 3/8","FERRETERIA","PZ","",""
"DECK CUMARU 1a 19MM X 8 CM (LARGOS VARIOS)","MADERA","PZ","",""
"DECK LOBUS CHOCOLATE/JADE UH02 0.022X0.14X2.90 0.406 MT CUADRADO","MADERA","PZ","550.85","2026-04-28"
"DECK LOBUS TEKA/IPE UH02 0.022X0.14X2.90 0.406 MT CUADRADO","MADERA","PZ","",""
"DESARMADOR PUNTA PLANA 4""","FERRETERIA","PZ","",""
"DETERGENTE ROMA","PRODUCTO DE LIMPIEZA","KG","35.0","2026-05-05"
"DISCO 14""","SIERRAS, CUCHILLAS Y BROCAS","PZ","",""
"DISCO ABRALON ESPONJA G.2000 5"" MIRKA","LIJAS Y ABRASIVOS","PZ","81.19","2026-02-16"
"DISCO AFILADOR DE DISCOS DE DIENTE DE CARBURO DE TUNGSTENO LOBUS LB-AF13-R","FERRETERIA","PZ","",""
"DISCO COPA DIAMANTADA DE 4-1/2″ DRAGON CUT 07282","FERRETERIA","PZ","",""
"DISCO CORTE DE DIAMANTE 5"" DOBLE SEGMENTO P/CONCRETO D-66715","FERRETERIA","PZ","",""
"DISCO CORTE DE DIAMANTE 5"" TURBO P/CONCRETO D-66721","FERRETERIA","PZ","",""
"DISCO DE AFILADO PARA BGR700 DC-BGR700-SD  5 X 1-1/4 X 3/8""","SIERRAS, CUCHILLAS Y BROCAS","PZ","759.34","2025-08-28"
"DISCO DE CORTE P/METAL Ø115X1,2X 22.2mm (4-1/2"" X 3/64"" X 7/8"") FANDELI bosch","FERRETERIA","PZ","",""
"DISCO DE CORTE P/METAL Ø115X1X 22.23mm 4-1/2"" BOSCH 2608619383","FERRETERIA","PZ","6.9","2026-02-17"
"DISCO DE DESBASTE AUSTROMEX P/METAL CLAVE 560 4-1/2"" X 1/4"" X 7/8""","FERRETERIA","PZ","",""
"DISCO DE DESBASTE BOSCH P/METAL NO. 2 608 600 379 Ø180 X 8.0 X 22.23mm (7"" X 5/16"" X 7/8"")","FERRETERIA","PZ","",""
"DISCO DESBASTE CINASA 4-1/2 8011","FERRETERIA","PZ","30.17","2025-10-31"
"DISCO DIAMANTE 4-1/2"" USO GRAL F35 AUS-1505","FERRETERIA","PZ","",""
"DISCO DIAMANTE DENTADO 4-1/2 (P/CONCRETO)","FERRETERIA","PZ","",""
"DISCO FANDELI 5"" 0.127mm 040 ROJO","LIJAS Y ABRASIVOS","PZ","11.29","2026-02-27"
"DISCO FANDELI 5"" 0.127mm 060 ROJO","LIJAS Y ABRASIVOS","PZ","10.42","2026-02-27"
"DISCO FANDELI 5"" 0.127mm 080","LIJAS Y ABRASIVOS","PZ","6.66","2026-05-07"
"DISCO FANDELI 5"" 0.127mm 100","LIJAS Y ABRASIVOS","PZ","6.51","2026-02-27"
"DISCO FANDELI 5"" 0.127mm 100 P/VIGAS","LIJAS Y ABRASIVOS","PZ","",""
"DISCO FANDELI 5"" 0.127mm 120","LIJAS Y ABRASIVOS","PZ","6.37","2026-02-27"
"DISCO FANDELI 5"" 0.127mm 120 P/VIGAS","LIJAS Y ABRASIVOS","PZ","",""
"DISCO FANDELI 5"" 0.127mm 1200","LIJAS Y ABRASIVOS","PZ","13.79","2026-02-24"
"DISCO FANDELI 5"" 0.127mm 150","LIJAS Y ABRASIVOS","PZ","6.37","2026-05-07"
"DISCO FANDELI 5"" 0.127mm 180","LIJAS Y ABRASIVOS","PZ","",""
"DISCO FANDELI 5"" 0.127mm 220","LIJAS Y ABRASIVOS","PZ","6.37","2026-05-07"
"DISCO FANDELI 5"" 0.127mm 240","LIJAS Y ABRASIVOS","PZ","5.23","2024-12-17"
"DISCO FANDELI 5"" 0.127mm 320","LIJAS Y ABRASIVOS","PZ","6.37","2026-05-25"
"DISCO FANDELI 5"" 0.127mm 400","LIJAS Y ABRASIVOS","PZ","5.89","2024-12-12"
"DISCO LAMINADO G.40","FERRETERIA","PZ","56.03","2024-12-12"
"DISCO LAMINADO G.60","LIJAS Y ABRASIVOS","PZ","",""
"DISCO LAMINADO G.80","LIJAS Y ABRASIVOS","PZ","68.97","2025-11-05"
"DISCO MIRKA P400 NET","LIJAS Y ABRASIVOS","PZ","13.79","2026-02-24"
"DISCO MIRKA P600 NET","LIJAS Y ABRASIVOS","PZ","13.79","2026-02-24"
"DISCO PARA CORTE MCA. DEWALT DWA03080 7-1/4"" (184MM), 24 DIENTES","SIERRAS, CUCHILLAS Y BROCAS","PZ","",""
"DISCO PARA CORTE MCA. DEWALT DWA03140 12"" (305MM), 60 DIENTES","SIERRAS, CUCHILLAS Y BROCAS","PZ","655.17","2025-07-31"
"DISCO PARA CORTE MCA. DEWALT DWA161224 6-1/2"" (165MM), 24 DIENTES","SIERRAS, CUCHILLAS Y BROCAS","PZ","",""
"DISCO PARA CORTE MCA. DEWALT DWA171460 7-1/4"" (184MM), 60 DIENTES","SIERRAS, CUCHILLAS Y BROCAS","PZ","",""
"DISCO PARA CORTE MCA. DIABLO D0724 7-1/4"" (184MM), 24 DIENTES","SIERRAS, CUCHILLAS Y BROCAS","PZ","",""
"DISCO PARA LIJADO Y PULIDO 7"" X 7/8"" ROJO TENAZIT (PARA METAL)","LIJAS Y ABRASIVOS","PZ","",""
"DISCO PARA PULIDORA 6"" No. 400","LIJAS Y ABRASIVOS","PZ","",""
"DISCO PARA PULIDORA 6"" No. 600","LIJAS Y ABRASIVOS","PZ","",""
"DISCO PARA SIERRA BOSCH 9-1/4"" X 25 X 40 DIENTES BOSCH 2608640886","SIERRAS, CUCHILLAS Y BROCAS","PZ","450.86","2025-01-02"
"DISCO PARA SIERRA HM 250X3.2X30 Z=48 ALTERNA AKE EUROLASER 9114.260.48.30","SIERRAS, CUCHILLAS Y BROCAS","PZ","",""
"DISCO PARA SIERRA HM 250X3.2X30 Z=60 ALTERNA AKE EUROLASER 9114.250.60.30","SIERRAS, CUCHILLAS Y BROCAS","PZ","",""
"DISCO PARA SIERRA HM 300X3.2X30 Z=48 ALTERNA AKE EUROLASER 9112.300.48.30","SIERRAS, CUCHILLAS Y BROCAS","PZ","",""
"DISCO PARA SIERRA HM 300X3.2X30 Z=60 ALTERNA AKE EUROLASER 9114.300.60.30","SIERRAS, CUCHILLAS Y BROCAS","PZ","",""
"DISCO PARA SIERRA HM 350X3.5X30 Z=32 ALTERNA AKE EUROLASER 9110.360.32.30","SIERRAS, CUCHILLAS Y BROCAS","PZ","",""
"DISCO PARA SIERRA HM 350X3.5X30 Z=32 ALTERNA CON CRESTA AKE EUROLASER 9110.350.32.30","SIERRAS, CUCHILLAS Y BROCAS","PZ","",""
"DISCO PARA SIERRA HM 350X3.5X30 Z=54 ALTERNA AKE EUROLASER 9114.350.54.30","SIERRAS, CUCHILLAS Y BROCAS","PZ","",""
"DURETAN SELLADOR POLIURETANO PENSYLVANIA 300 ML","SILICON Y ACRILASTIC","PZ","131.03","2025-04-17"
"ECOTAB LISTONADO DE MACUIL 16X122X2.44 LA ASUNCION","MDF, TRIPLAY, ECOTAB","HOJA","2931.04","2025-03-13"
"ECOTAB LISTONADO DE MACUIL 18X122X2.44 LA ASUNCION","MDF, TRIPLAY, ECOTAB","HOJA","2758.56","2025-08-04"
"EMPAQUE MANGUERA (ARANDELA) NEGRO/TRANSPARENTE STD","FERRETERIA","PZ","1.72","2025-11-18"
"EMPAQUE ORRING NITRILO (220) (1-3/8X1/8)GIMEX","FERRETERIA","PZ","5.17","2025-11-14"
"EMPLAYE","FERRETERIA","ROLLO","150.86","2025-11-04"
"EMPLAYE TRANSPARENTE 18"", CAL. 80, 1200 PIES","PAPELERIA","ROLLO","212.51","2026-03-31"
"ESCALERA PLEGABLE TIJERA C/EXTENSION TIPO II C-2287-21 CUPRUM","FERRETERIA","PZ","3982.8","2025-04-17"
"ESCOBA","FERRETERIA","PZ","",""
"ESCOBA CEPILLO CERDAS SUAVES","FERRETERIA","PZ","60.0","2025-02-05"
"ESCOFINA 8"" TRUPER 15205","FERRETERIA","PZ","",""
"ESCUADRA PARA CARPINTERO TRUPER 8"" (20 CM) EC-8 COD. 14372","HERRAMIENTAS","PZ","75.24","2026-03-27"
"ESMALTE TOTAL 100 COMEX BLANCO","BARNIZ, ACEITE Y PINTURA","LT","",""
"ESPEJO/LUNA CLARO 3MM","CRISTAL","LOTE","973.66","2025-03-06"
"ESPEJO/LUNA CLARO 4MM","CRISTAL","LOTE","4420.33","2025-08-04"
"ESPEJO/LUNA CLARO 6MM","CRISTAL","LOTE","3556.82","2025-09-11"
"ESPONJA ABRASIVA DUO FLEX FANDELI 060 120mm X 98mm X 13mm","LIJAS Y ABRASIVOS","PZ","21.19","2025-11-03"
"ESPONJA ABRASIVA DUO FLEX FANDELI 100 120mm X 98mm X 13mm","LIJAS Y ABRASIVOS","PZ","",""
"ESPONJA ABRASIVA DUO FLEX FANDELI 150 120mm X 98mm X 13mm","LIJAS Y ABRASIVOS","PZ","21.19","2025-09-29"
"ESPONJA ABRASIVA DUO FLEX FANDELI 220 120mm X 98mm X 13mm","LIJAS Y ABRASIVOS","PZ","17.24","2026-01-27"
"ESPONJA ABRASIVA ULTRA FLEX FANDELI 400 140mm X 115mm X 5mm","LIJAS Y ABRASIVOS","PZ","",""
"ESPONJA ABRASIVA ULTRA FLEX FANDELI 600 140mm X 115mm X 5mm","LIJAS Y ABRASIVOS","PZ","40.37","2024-12-12"
"ESPONJA ABRASIVA ULTRA FLEX FANDELI 600P 13125","LIJAS Y ABRASIVOS","PZ","",""
"ESPONJA DE 2.5 CM DE GROSOR","FERRETERIA","PZ","240","2025-06-20"
"ESPUMA DE POLIURETANO SURTEK 300ML","PEGAMENTOS Y RESINAS","BOTE","",""
"ESPUMA DE POLIURETANO TOUCH FOAM MAX3XFILL 340 GR 75650/00033","PEGAMENTOS Y RESINAS","BOTE","",""
"ESPUMA MANUAL MONTAJE Y RELLENO POLIURETANO 300 ml SOUDAL SD121636","PEGAMENTOS Y RESINAS","PZ","42.11","2025-11-05"
"ESPUMA SELLADORA PENSILVANIA PENS FOAM 360 341 ML/340MG","PEGAMENTOS Y RESINAS","BOTE","97.41","2025-07-14"
"ESQUINERO DE CARTON 2""X2"" 1.40 MT","PAPELERIA","PZ","",""
"ESQUINERO DE CARTON 2""X2"" 2.00 MT","PAPELERIA","PZ","",""
"ESQUINERO DE CARTON 5 x 5 x 100 cm CODIGO: TST-006","PAPELERIA","PZ","7.67","2025-07-30"
"ESQUINERO DE CARTON 5 x 5 x 120 cm CODIGO: TST-009","PAPELERIA","PZ","7.05","2026-01-13"
"ESQUINERO DE CARTON 5 x 5 x 183 cm CODIGO: TST-012","PAPELERIA","PZ","18.27","2025-07-30"
"ESQUINERO DE CARTON KRAFT 1.20 MT 2X2"" CAL. 20","PAPELERIA","PZ","",""
"ESTOPA","FERRETERIA","KG","37.93","2026-02-27"
"ESTUCO BLANCO BEXEL 40 KG","CONSTRUCCION","BULTO","",""
"EUROLATON MECANISMO P/CERRADURA ACERO INOX REF361","FERRETERIA","PZ","",""
"EUROLATON MECANISMO P/CERRADURA BAÑO METALICO 988102","FERRETERIA","PZ","",""
"EXTENSION 70MM MAGNETICA TRUPER Código:   11869","REPUESTOS HERRAMIENTAS","PZ","18.97","2025-05-12"
"EXTENSIÓN/ADAPTADOR ANGULAR P/PUNTAS Y BROCAS ENTRADA 1/4"" DWARA120","REPUESTOS HERRAMIENTAS","PZ","",""
"EXTENSIÓN/ADAPTADOR FLEXIBLE P/PUNTAS DWARAFS-Z NEW","REPUESTOS HERRAMIENTAS","PZ","",""
"EXTINTOR ""RECARGA""","SERVICIOS","PZ","919.97","2026-01-21"
"EXTINTOR 6 KG","EQ SEGURIDAD","PZ","1250.0","2025-08-27"
"EXTINTOR 9 KG","EQ SEGURIDAD","PZ","1550.0","2025-08-27"
"FAJA ELASTICA PARA DAMA","EQ SEGURIDAD","PZ","164.93","2025-05-12"
"FIBRA VILEDA BLANCO 10X15X23CM","LIJAS Y ABRASIVOS","PZ","",""
"FIBRA VILEDA GUINDA 10X15X23CM","LIJAS Y ABRASIVOS","PZ","",""
"FIBRA VILEDA VERDE 10X15X23CM","LIJAS Y ABRASIVOS","PZ","",""
"FIJASET 2 BLANCO","SILICON Y ACRILASTIC","PZ","132.58","2025-05-16"
"FILTRO 3M PARA PARTICULAS N95 5N11","EQ SEGURIDAD","PZ","",""
"FILTRO CONO BLANCO (COLADOR PARA PINTURA DE PAPEL)","FERRETERIA","PZ","1.29","2026-02-27"
"FILTRO PARA ASPIRADORA CRAFTSMAN 25969048-9","REPUESTOS HERRAMIENTAS","PZ","",""
"FILTRO PARA ASPIRADORA KÄRCHER 6.904-33.0","FERRETERIA","PZ","351.03","2024-12-12"
"FILTROS 3M DE PARTICULAS PARA RESPIRADORES, VAPOR ORGANICO 2097","EQ SEGURIDAD","PAR","",""
"FIX ALL HIGH TACK WHITE 290 ML (ADHESIVO SELLADOR) SOUDAL SD120781","SILICON Y ACRILASTIC","PZ","68.04","2025-11-05"
"FLASH COAT NF MATE NEGRO E.1LT","BARNIZ, ACEITE Y PINTURA","LT","216.9","2025-11-06"
"FLASH COAT VIVID VERDE B4 E.4L","BARNIZ, ACEITE Y PINTURA","LT","",""
"FLEXOMETRO CADENA MOD. MGA 5525 5.5 MT","FERRETERIA","PZ","",""
"FLEXOMETRO HAFELE 5mt CON SACAPUNTAS 002.81.643","FERRETERIA","PZ","252.81","2026-02-27"
"FLEXOMETRO MAGNETICO 8MT MILWAUKEE","FERRETERIA","PZ","454.31","2025-01-23"
"FLEXOMETRO TRUPER CINTA NEGRA 8MT","FERRETERIA","PZ","",""
"FLOTA ESPONJA ANARANJADA","CONSTRUCCION","PZ","",""
"FOCO AHORRADOR","MANTENIMIENTO","PZ","",""
"FORMON 1""","FERRETERIA","PZ","80.97","2026-02-27"
"FORMON 1/2""","FERRETERIA","PZ","80.97","2026-02-27"
"FORMON 3/4""","FERRETERIA","PZ","80.97","2026-02-27"
"FRANELA","TELAS Y LONAS","MT","",""
"FRESA (LIMA) DE CARBURO DE TUGSTENO TENAZIT 12.7X25.4X6.4MM","SIERRAS, CUCHILLAS Y BROCAS","PZ","",""
"FUNGICIDA BASE AGUA FG52.4","BARNIZ, ACEITE Y PINTURA","LT","",""
"FUNGICIDA PCP FG51.20","BARNIZ, ACEITE Y PINTURA","LT","",""
"GALLETAS DE MADERA #10 HAFELE 482.04.600","FERRETERIA","PZ","",""
"GALLETAS DE MADERA #20 HAFELE 482.04.601","FERRETERIA","PZ","0.82","2025-01-02"
"GANCHO COLGADOR PARA CUADROS TIPO CAIMAN 40MM","FERRETERIA","PZ","",""
"GAS BUTANO 275gr TRUPER","MANTENIMIENTO","PZ","",""
"GEO 503MS CAJA DE EMPOTRAR PARA 3 MODULOS","ELECTRICO E ILUMINACION","PZ","13.6","2026-01-19"
"GEO 504E CAJA DE EMPOTRAR PARA 4 MODULOS","ELECTRICO E ILUMINACION","PZ","47.37","2026-02-06"
"GEO 506L CAJA DE EMPOTRAR PARA 6 Y 7 MODULOS","ELECTRICO E ILUMINACION","PZ","67.93","2026-02-06"
"GEO K4001 INTERRUPTOR SENCILLO 1 MODULO 10AX, 127-250V","ELECTRICO E ILUMINACION","PZ","167.3","2026-01-19"
"GEO K4003 INTERRUPTOR 3 VIAS 1 MODULO 10AX, 127-250V","ELECTRICO E ILUMINACION","PZ","217.04","2026-03-18"
"GEO K4191AC CARGADOR LIVING NOW USB TIPO A+C","ELECTRICO E ILUMINACION","PZ","880.09","2026-02-06"
"GEO K4191CC CARGADOR LIVING NOW USB TIPO C+C 1 MODULO","ELECTRICO E ILUMINACION","PZ","1007.5","2026-03-17"
"GEO K4703L SOPORTE 3 MODULOS INCLUYE TORNILLOS DE 45MM","ELECTRICO E ILUMINACION","PZ","63.4","2026-03-19"
"GEO K4704L SOPORTE 4 MODULOS INCLUYE TORNILLOS DE 45MM","ELECTRICO E ILUMINACION","PZ","99.59","2026-01-19"
"GEO K4706 SOPORTE 6 MODULOS INCLUYE TORNILLOS DE 45MM","ELECTRICO E ILUMINACION","PZ","162.5","2026-01-19"
"GEO KA4803KG PLACA COLOR NEGRO 3 MODULOS","ELECTRICO E ILUMINACION","PZ","116.34","2026-01-19"
"GEO KA4804KG PLACA COLOR NEGRO 4 MODULOS","ELECTRICO E ILUMINACION","PZ","149.01","2026-01-19"
"GEO KA4806KG PLACA COLOR NEGRO 6 MODULOS","ELECTRICO E ILUMINACION","PZ","189.62","2026-02-06"
"GEO KG01 CUBRETECLA INTERRUPTOR (K4001)","ELECTRICO E ILUMINACION","PZ","27.97","2026-03-18"
"GEO KG08 CUBRETECLA CONECTOR TV Y MODULO CIEGO","ELECTRICO E ILUMINACION","PZ","29.59","2026-02-06"
"GEO KG13C CUBRETECLA PARA 2 CARGADORES USB DE 1 MODULO","ELECTRICO E ILUMINACION","PZ","75.95","2026-02-06"
"GEO KG4018 CONTROL DE VENTILADOR DE 1 MODULO 110/220V","ELECTRICO E ILUMINACION","PZ","1705.0","2026-02-06"
"GEO KG4129 TOMACORRIENTE SENCILLA 2P+T CON PROTECCION","ELECTRICO E ILUMINACION","PZ","138.27","2026-01-19"
"GEO KG51 CUBRETECLA TOMACORRIENTE SENCILLA (KG4129)","ELECTRICO E ILUMINACION","PZ","59.17","2026-02-06"
"GHIDINI 55744285504 MILENA MAN YALE","FERRETERIA","PZ","617.92","2026-01-05"
"GHIDINI 55744406004 MILENA CREMONESE","FERRETERIA","PZ","765.04","2026-01-05"
"GHIDINI 55744577004 MILENA DK 10 DESTRE RIGHT - LEFT 10 SINISTRE","FERRETERIA","PZ","617.92","2026-01-05"
"GIS BLANCO","PAPELERIA","PZ","",""
"GOTERO/PIPETA 3ml SKU 881365803792","BARNIZ, ACEITE Y PINTURA","PZ","",""
"GRAPA SELLO PUNTEADO PARA FLEJE DE PLASTICO","FERRETERIA","PZ","",""
"GRAPA TRUPER 1/2"" (12mm), CAL. 24, CODIGO 17968","FERRETERIA","CAJA","",""
"GRAPA TRUPER 3/8 CAL 22 13mm CODIGO 13245","FERRETERIA","CAJA","66.38","2025-04-15"
"GRAPA TRUPER 3/8"" (6mm), CAL. 22, 6mm (1/4"") GRANEU-3/8-6, CODIGO 18282","FERRETERIA","CAJA","44.42","2024-12-31"
"GRAPAS ESTANDAR USO RUDO TRUPER 12mm (1/2"") ET-50-1/2"" 1000 PZ","FERRETERIA","CAJA","",""
"GRASA AUTOMOTRIZ BARDAHL","MANTENIMIENTO","PZ","125","2025-03-06"
"GRASA P/BALEROS BAT3 ROSHFRANS 425G","MANTENIMIENTO","PZ","",""
"GRAVA 3/4 CANTO RODANTE","CONSTRUCCION","CARRO","",""
"GUANTE ANTICORTE NIVEL 5 DE POLIETILENO DE ALTA DENSIDAD CON POLIURETANO 51-625 TALLA #7","EQ SEGURIDAD","PAR","70.32","2026-02-17"
"GUANTE ANTICORTE NIVEL 5 DE POLIETILENO DE ALTA DENSIDAD CON POLIURETANO 51-625 TALLA #8","EQ SEGURIDAD","PAR","70.32","2026-02-17"
"GUANTE ANTICORTE NIVEL 5 DE POLIETILENO DE ALTA DENSIDAD CON POLIURETANO 51-625 TALLA #9","EQ SEGURIDAD","PAR","66.29","2025-05-22"
"GUANTE BICOLOR ALPHA TEC 87-224 T-8","EQ SEGURIDAD","PAR","",""
"GUANTE BICOLOR ANSELL 87-224 T-8","EQ SEGURIDAD","PAR","",""
"GUANTE CARNAZA P/SOLDAR","EQ SEGURIDAD","PAR","",""
"GUANTE DE ACRILICO NARANJA RECUBIERTO C/LATEX GRIS T-10, T-9, T-8","EQ SEGURIDAD","PAR","",""
"GUANTE DE CARNAZA","EQ SEGURIDAD","PAR","85.34","2025-01-02"
"GUANTE DE HULE LATEX DERMA CARE MOD. 56-300","EQ SEGURIDAD","PAR","",""
"GUANTE DE NITRILO VERDE 13"" DERMA CARE MOD. 67-175 #10","EQ SEGURIDAD","PAR","26.94","2025-05-21"
"GUANTE DE NITRILO VERDE 13"" DERMA CARE MOD. 67-175 #7","EQ SEGURIDAD","PAR","26.94","2025-05-22"
"GUANTE DE NITRILO VERDE 13"" DERMA CARE MOD. 67-175 #8","EQ SEGURIDAD","PAR","28.58","2026-02-17"
"GUANTE DE NITRILO VERDE 13"" DERMA CARE MOD. 67-175 #9","EQ SEGURIDAD","PAR","26.94","2025-05-22"
"GUANTE DE TRABAJO RECUBIERTO CON NITRILO ""CH""","EQ SEGURIDAD","PAR","",""
"GUANTE DE TRABAJO RECUBIERTO CON NITRILO ""G""","EQ SEGURIDAD","PAR","",""
"GUANTE DE TRABAJO RECUBIERTO CON NITRILO ""M""","EQ SEGURIDAD","PAR","",""
"GUANTE SOLVEX 185 TALLA 8","EQ SEGURIDAD","PAR","",""
"GUANTES RESISTENTES A CORTES FOUR-AM ""L"" P/TRABAJO PESADO A PRUEBA DE CORTES, REVEST DE NITRILO ANTIDESLIZANTES","EQ SEGURIDAD","PAR","",""
"GUANTES RESISTENTES A CORTES FOUR-AM ""M"" P/TRABAJO PESADO A PRUEBA DE CORTES, REVEST DE NITRILO ANTIDESLIZANTES","EQ SEGURIDAD","PAR","",""
"GUANTES RESISTENTES A CORTES FOUR-AM ""S"" P/TRABAJO PESADO A PRUEBA DE CORTES, REVEST DE NITRILO ANTIDESLIZANTES","EQ SEGURIDAD","PAR","",""
"GUARDAPOLVO CON CEPILLO 5.08 X 91.5 CM CAFÉ SKU 154771","FERRETERIA","PZ","257.76","2026-04-16"
"GUIA BUSCADORA HEXAGONAL3-1/8"" B48795 MAKITA","REPUESTOS HERRAMIENTAS","PZ","",""
"GUIA SIMPLE 35MM BRONCE 10101108035 DUCASSE","FERRETERIA","PZ","289.47","2026-02-24"
"GUIA TAURO MD STD DUCASSE 10300001446","FERRETERIA","PZ","222.01","2025-01-29"
"HAFELE 493.06.004 K-PUSH C/IMAN FUERZA MEDIANA","FERRETERIA","PZ","255.46","2025-02-17"
"HAFELE 563.23.995 ESCUADRA DE UNION P/PERFIL MARCO PUERTA P45","FERRETERIA","PZ","",""
"HAFELE 637.38.354 SOPORTE P/ZOCLO NEGRO","FERRETERIA","PZ","",""
"HAFELE 637.38.404 PLACA FIJACION ROSCA INT M10 NEGRO","FERRETERIA","PZ","",""
"HAFELE 637.45.331 PATA C/REGULADOR ENROSCABLE 100MM","FERRETERIA","PZ","",""
"HAFELE 637.76.361 BRAZO EXTENSIBLE DE AJUSTE AXILO","FERRETERIA","PZ","",""
"HAFELE 637.76.370 HERRAMIENTA P/AJUSTE AXILO 48","FERRETERIA","PZ","",""
"HARINA DE TRIGO 10 KG (BULTO)","FERRETERIA","BULTO","139.0","2026-05-13"
"HERRAJE PARA SILLA PLEGABLE C14 SS304 ASSEMBLIK","FERRETERIA","PZ","",""
"HILO DE CORTE REDONDO STHIL 00009302289","FERRETERIA","PZ","696.55","2024-12-12"
"HILO DUAL PARA DESBROZADORA 2.7MM X 63M COD. 15966","FERRETERIA","PZ","171.55","2024-12-12"
"HULE ESPUMA 1.80 X 1.00 MT 2.5 CM CONO DE HUEVO","TELAS Y LONAS","PZ","",""
"HULE ESPUMA 20F 1.80 X 1.00 MT 12 CM","TELAS Y LONAS","PZ","",""
"HULE ESPUMA 20F 1.80 X 1.00 MT 2.5 CM","TELAS Y LONAS","PZ","",""
"HYDROCROM ACABADO SUPERMATE XGC6058 MILESI","BARNIZ, ACEITE Y PINTURA","LT","440.07","2026-03-17"
"HYDROCROM IMPREGNANTE NEUTRO XWC2A02 MILESI","BARNIZ, ACEITE Y PINTURA","LT","317.83","2026-03-17"
"IMAN CIRCULAR 8X3MM","FERRETERIA","PZ","5.55","2026-03-09"
"IMAN CIRCULAR 8X4MM","FERRETERIA","PZ","",""
"IMAN NEODIMIO 15X3mm - 4 HOLE  AGUJERO AVELLANADO GRADO N35","FERRETERIA","PZ","21.03","2026-01-05"
"IMPERMEABLE CON CAPUCHA","EQ SEGURIDAD","PZ","",""
"INSERTO (CASQUILLO) P/ATORNILLAR ZINC 1/4-20X13 030.06.166","FERRETERIA","PZ","",""
"INSERTO (CASQUILLO) P/ATORNILLAR ZINC 3/16","FERRETERIA","PZ","",""
"INTERRUPTOR 2P1T 2 POSICIONES 20/30A 250/600V ARROWN HART","ELECTRICO E ILUMINACION","PZ","367.11","2026-02-24"
"INTERRUPTOR ARRANCADOR 2 POSICIONES ARROW HART 30A","ELECTRICO E ILUMINACION","PZ","384.0","2025-01-13"
"INTERRUPTOR TERMOMAGNETICO 1X15A BTPLUG-002 GEO","ELECTRICO E ILUMINACION","PZ","124.0","2026-01-22"
"JABON PARA MANOS GINEZ","PRODUCTO DE LIMPIEZA","LT","13.36","2025-04-21"
"JALADERA CUADRADA DE ALUMINIO 1/2 X 156mm","FERRETERIA","PZ","",""
"JALADERA CUADRADA DE ALUMINIO 1/2 X 348mm","FERRETERIA","PZ","",""
"JALADERA CUADRADA DE ALUMINIO 1/2 X 508mm","FERRETERIA","PZ","",""
"JALADERA DE EMBUTIR 3"" TOVIC ESPAÑOLA COLOR NATURAL","FERRETERIA","PZ","",""
"JALADERA FINCSA LATON MATE 0100460A00","FERRETERIA","PZ","",""
"JALADERA INOX WIN T2-41 162X192MM","FERRETERIA","PZ","143.39","2025-06-27"
"JALADERA INOX WIN T2-44 67X96MM","FERRETERIA","PZ","85.14","2025-06-27"
"JALADERA LLAMADOR TRENZADO LATON ANTIGUO CERRAJES 0404-164","FERRETERIA","PZ","",""
"JALADERA RISH COCINA 128MM NIQUEL SATIN 130712","FERRETERIA","PZ","",""
"JALADERA RISH COCINA 160MM NEGRO 130724","FERRETERIA","PZ","",""
"JALADERA RISH EMPERATRIZ PERILLA 1.9 CM DORADO","FERRETERIA","PZ","25.86","2025-12-30"
"JALADERA TIRADOR LATON REDONDOS ZARA HOME NO. ID. 4737855530302","FERRETERIA","PAR","257.76","2025-10-24"
"JALADERA ZAMAK 128MM (50) H3006-2-BSN","FERRETERIA","PZ","",""
"JUNTA CONSTRUCTIVA 1"" 1.22X2.44 (UNICEL)","CONSTRUCCION","PZ","",""
"KIT 2H TAURO STD 10300001443 DUCASE","FERRETERIA","KIT","",""
"KIT DE REPARACION DE MUEBLES (25 PZ) YONGLI","FERRETERIA","KIT","",""
"KOLA LOKA 2g.","PEGAMENTOS Y RESINAS","PZ","22.41","2025-01-31"
"LACA INDUSTRIAL AMARILLO CROMO","BARNIZ, ACEITE Y PINTURA","LT","",""
"LACA INDUSTRIAL BLANCO","BARNIZ, ACEITE Y PINTURA","LT","",""
"LACA INDUSTRIAL MARRON ROYAL","BARNIZ, ACEITE Y PINTURA","LT","",""
"LACA INDUSTRIAL NEGRO","BARNIZ, ACEITE Y PINTURA","LT","",""
"LACA INDUSTRIAL ROJO OXIDO","BARNIZ, ACEITE Y PINTURA","LT","",""
"LAMINA DE LATON C-18 0.61 X 2.44 MARVAN METALS","METALICOS","HOJA","",""
"LAMINA DE LATON C-18 1.25X610X2440 MM SEMIDURA","METALICOS","HOJA","",""
"LAMINA TRN 100 6.10 X 1.10 CAL 26.","METALICOS","PZ","",""
"LAMPARA LED 125W LUZ BLANCA 2300 LUMENES COMERCIAL ELECTRIC 144956","ELECTRICO E ILUMINACION","PZ","",""
"LAMPARA LED 18T8LED120MV65CT 18W 6500K CRISTAL TRANSPARENTE C/BASE Y CLIP PLASTICO","ELECTRICO E ILUMINACION","KIT","",""
"LAMPARA LED T8F-LED240/36/65 LAMP LED TUBOS 36W 100 240V6500KFA83600LM C/BASE Y CLIP PLASTICO","ELECTRICO E ILUMINACION","KIT","",""
"LAPIZ","PAPELERIA","PZ","",""
"LED HAFELE ADAPTADOR DISTRIBUIDOR LOOX5 12V 833.95.786","ELECTRICO E ILUMINACION","PZ","107.81","2025-03-25"
"LED HAFELE ADAPTADOR PARA LA CONEXION DE LOS CONSUMIDORES LOOX 833.95.753","ELECTRICO E ILUMINACION","PZ","",""
"LED HAFELE ALIMENTADOR 12V 20W NEGRO 833.95.000","ELECTRICO E ILUMINACION","PZ","628.94","2025-09-29"
"LED HAFELE ALIMENTADOR 12V 40W NEGRO 833.74.901 PASA A LA 833.74.962","ELECTRICO E ILUMINACION","PZ","",""
"LED HAFELE ALIMENTADOR 12V 40W NEGRO 833.95.002","ELECTRICO E ILUMINACION","PZ","959.84","2025-03-11"
"LED HAFELE ALIMENTADOR 12V 60W NEGRO 833.95.003","ELECTRICO E ILUMINACION","PZ","1246.29","2025-02-08"
"LED HAFELE ALIMENTADOR LOOX5 24V 20 WATS 833.75.932","ELECTRICO E ILUMINACION","PZ","405.17","2026-03-06"
"LED HAFELE CABLE ALIMENTACION 12V 200CM 833.95.714","ELECTRICO E ILUMINACION","PZ","90.96","2025-03-25"
"LED HAFELE CABLE ALIMENTACION 12V 833.95.700","ELECTRICO E ILUMINACION","PZ","108.09","2025-09-29"
"LED HAFELE CABLE ALIMENTACION LOOX5 24V 833.75.764","ELECTRICO E ILUMINACION","PZ","108.11","2026-03-06"
"LED HAFELE CABLE PRIMARIO US/CSA 250V 2000MM 833.89.003","ELECTRICO E ILUMINACION","PZ","81.89","2026-03-06"
"LED HAFELE CONECTOR CLIP LOOX5 8MM 833.75.767","ELECTRICO E ILUMINACION","PZ","49.41","2026-01-26"
"LED HAFELE DISTRIBUIDOR LOOX CON CONMUTACION 833.95.748","ELECTRICO E ILUMINACION","PZ","262.42","2025-06-12"
"LED HAFELE INTERRUPTOR CONVENCIONAL DE BALANCIN 833.89.106","ELECTRICO E ILUMINACION","PZ","",""
"LED HAFELE INTERRUPTOR DE CONTACTO DE PUERTA PLASTICO NEGRO 833.89.059","ELECTRICO E ILUMINACION","PZ","112.63","2025-06-12"
"LED HAFELE PERFIL DE ESQ. 2195 833.72.987","ELECTRICO E ILUMINACION","TRAMO","378.53","2026-01-26"
"LED HAFELE PERFIL MONTAJE SUPERFICIE 2500 MM BLCO 833.72.981","ELECTRICO E ILUMINACION","TRAMO","339.96","2026-01-26"
"LED HAFELE SWITCH BOTON NEGRO 833.89.108","ELECTRICO E ILUMINACION","PZ","113.84","2026-02-03"
"LED HAFELE SWITH BOTON GRIS 12MM 833.89.107","ELECTRICO E ILUMINACION","PZ","108.43","2025-03-11"
"LED HAFELE TIRA LED 2043 833.73.121 BLANCO CALIDO","ELECTRICO E ILUMINACION","PAQ","",""
"LED HAFELE TIRA LED 2062 833.74.337 (5 MT) BLANCO CALIDO","ELECTRICO E ILUMINACION","PAQ","",""
"LED HAFELE TIRA LED 2062 833.74.339 (5 MT)","ELECTRICO E ILUMINACION","PAQ","1368.46","2025-09-29"
"LED HAFELE TIRA LED LOOX5 24V 8MM CALIDA 4.8W (5MT) 833.76.501","ELECTRICO E ILUMINACION","PAQ","1308.47","2026-01-26"
"LENTE DE SEGURIDAD CABEL CAB-14 AMBAR","EQ SEGURIDAD","PZ","",""
"LENTE DE SEGURIDAD DERMA CARE MOD. AL-012-CL (ANTIEMPAÑANTE)","EQ SEGURIDAD","PZ","20.52","2025-05-21"
"LENTE DE SEGURIDAD DERMA CARE MOD. AL-012-GR (OBSCURO)","EQ SEGURIDAD","PZ","",""
"LENTE DE SEGURIDAD TIPO GOGGLE","EQ SEGURIDAD","PZ","",""
"LIBRETA PROFESIONAL","PAPELERIA","PZ","",""
"LIJA FANDELI AGUA 1000","LIJAS Y ABRASIVOS","PZ","",""
"LIJA FANDELI AGUA 2000","LIJAS Y ABRASIVOS","PZ","",""
"LIJA FANDELI AGUA 220","LIJAS Y ABRASIVOS","PZ","8.62","2026-02-27"
"LIJA FANDELI AGUA 240","LIJAS Y ABRASIVOS","PZ","8.62","2026-02-27"
"LIJA FANDELI AGUA 320","LIJAS Y ABRASIVOS","PZ","8.62","2026-05-20"
"LIJA FANDELI AGUA 400","LIJAS Y ABRASIVOS","PZ","",""
"LIJA FANDELI LONA 040","LIJAS Y ABRASIVOS","PZ","21.55","2026-02-27"
"LIJA FANDELI LONA 080","LIJAS Y ABRASIVOS","PZ","17.24","2026-02-27"
"LIJA FANDELI LONA 100","LIJAS Y ABRASIVOS","PZ","16.38","2026-02-27"
"LIJA FANDELI LONA 120","LIJAS Y ABRASIVOS","PZ","16.38","2026-02-27"
"LIJA FANDELI LONA 150 (J-086)","LIJAS Y ABRASIVOS","PZ","13.79","2026-02-27"
"LIJA FANDELI LONA 220","LIJAS Y ABRASIVOS","PZ","",""
"LIJA TRIANGULAR 6"" VELCRO DEER 150","LIJAS Y ABRASIVOS","PZ","6.9","2025-11-07"
"LIJA TRIANGULAR 6"" VELCRO DEER 220","LIJAS Y ABRASIVOS","PZ","6.9","2025-11-07"
"LIJA TRIANGULAR 6"" VELCRO DEER 320","LIJAS Y ABRASIVOS","PZ","6.9","2025-11-07"
"LIJADORA DYNABRADE 5"" 12000 RPM 56815 S/N: KH14783B","HERRAMIENTAS","PZ","4600.0","2025-11-07"
"LIMA PARA MOTOSIERRA STIHL 56057724006 7/8 X 5/32""","FERRETERIA","PZ","",""
"LIMA PARA MOTOSIERRA STIHL 56057724806 7/8 X 3/16""","FERRETERIA","PZ","",""
"LIMA PLANA MUSA 10"" 120343","FERRETERIA","PZ","",""
"LIMA TRIANGULAR 6"" 120376 SURTEK","FERRETERIA","PZ","",""
"LIMA TRIANGULAR 6"" 19679 TRUPER","FERRETERIA","PZ","",""
"LLAVE ALLEN 3/8"" URREA TIPO ""T""","FERRETERIA","PZ","",""
"LLAVE ALLEN 3mm","FERRETERIA","PZ","",""
"LLAVE ALLEN 4mm ""T"" HEXAGONAL 6""","FERRETERIA","PZ","41.8","2025-10-16"
"LLAVE ESPAÑOLA 11/1 FOY","FERRETERIA","PZ","",""
"LLAVE INGLESA ULTRA DELGADA METRICA 3MM  (11MM Y 13MM)","FERRETERIA","PZ","67.67","2026-04-21"
"LOBUS FONDO POLIURETANO C/CAT Y SOLVENTE","BARNIZ, ACEITE Y PINTURA","LT","",""
"LOBUS LACA POLIURETANO TRANS MATE PROFUNDO C/CAT Y SOLVENTE","BARNIZ, ACEITE Y PINTURA","LT","",""
"LOKWELD RALPH WILSON WA-700CCA142OZCAN ADHESIVO EN SPRAY 700 A","PEGAMENTOS Y RESINAS","PZ","",""
"LONA REFORZADA CORREO MAYOR 6X12 MT","TELAS Y LONAS","PZ","",""
"MACHETE STDR 22"" CACHA NEGRA, TRUPER","FERRETERIA","PZ","",""
"MACHUELO AC 6M X1.0 30-727","FERRETERIA","PZ","",""
"MADERA ASERRADA AYACAHUITE ARBOL DE LA VIDA","MADERA","PT","72.0","2025-02-12"
"MADERA ASERRADA CASUARINA ARBOL DE LA VIDA","MADERA","PT","",""
"MADERA ASERRADA CEDRO 1A. LA ASUNCION","MADERA","PT","47.0","2025-11-04"
"MADERA ASERRADA ENCINO AMERICANO ARBOL DE LA VIDA","MADERA","PT","",""
"MADERA ASERRADA ENEBRO CIPRES ARBOL DE LA VIDA","MADERA","PT","72.0","2025-01-20"
"MADERA ASERRADA MACUIL (ROBLE) ARBOL DE LA VIDA","MADERA","PT","80.0","2026-04-10"
"MADERA ASERRADA MACUIL 1A ESTUFADA PT LA ASUNCION","MADERA","PT","67.05","2025-11-20"
"MADERA ASERRADA MACUIL 1A ESTUFADA PT LA ASUNCION (ANCHA)","MADERA","PT","74.95","2025-05-29"
"MADERA ASERRADA MACUIL 2A ESTUFADA PT LA ASUNCION","MADERA","PT","51.16","2025-04-15"
"MADERA DE CAOBA ESTUFADA ""ARBOL DE LA VIDA""","MADERA","PT","76.0","2025-06-23"
"MADERA DE CEDRO SELECTO ESTUFADO ""ARBOL DE LA VIDA""","MADERA","PT","76.0","2025-08-12"
"MADERA DE HUANACAXTLE ESTUFADA ARBOL DE LA VIDA","MADERA","PT","85.0","2026-05-11"
"MADERA DE MACHICHE ""ARBOL DE LA VIDA""","MADERA","PT","",""
"MADERA DE PINO (TABLETA) 4"", 6"", 8"", 10"", 12"" FSC 100% IXTLAN","MADERA","PT","",""
"MADERA DE PINO 1a 1 X 8 X 8-1/4 (TABLA) LA ASUNCION","MADERA","PZ","",""
"MADERA DE PINO 1a 1-1/2 X 10 X 8-1/4 (TABLON) MANCOMUNADOS","MADERA","PZ","",""
"MADERA DE PINO 1a 1-1/2 X 10 X 8-1/4 (TABLON) PASAM","MADERA","PZ","",""
"MADERA DE PINO 1a 1-1/2 X 10 X 8-1/4 FSC 100% IXTLAN","MADERA","PT","",""
"MADERA DE PINO 1a 1-1/2 X 12 X 8-1/4 (TABLON) LA ASUNCION","MADERA","PZ","",""
"MADERA DE PINO 1a 1-1/2 X 12 X 8-1/4 (TABLON) MANCOMUNADOS","MADERA","PZ","",""
"MADERA DE PINO 1a 1-1/2 X 12 X 8-1/4 FSC 100% IXTLAN","MADERA","PT","",""
"MADERA DE PINO 1a 1-1/2 X 4 X 8-1/4 (TABLON) MANCOMUNADOS","MADERA","PZ","",""
"MADERA DE PINO 1a 1-1/2 X 4 X 8-1/4 (TABLON) PASAM","MADERA","PZ","",""
"MADERA DE PINO 1a 1-1/2 X 4 X 8-1/4 FSC 100% IXTLAN","MADERA","PT","",""
"MADERA DE PINO 1a 1-1/2 X 6 X 8-1/4 (TABLON) PASAM","MADERA","PZ","",""
"MADERA DE PINO 1a 1-1/2 X 6 X 8-1/4 FSC 100% IXTLAN","MADERA","PT","",""
"MADERA DE PINO 1a 1-1/2 X 8 X 8-1/4 (TABLON) LA ASUNCION","MADERA","PZ","",""
"MADERA DE PINO 1a 1-1/2 X 8 X 8-1/4 (TABLON) MANCOMUNADOS","MADERA","PZ","",""
"MADERA DE PINO 1a 1-1/2 X 8 X 8-1/4 (TABLON) PASAM","MADERA","PZ","",""
"MADERA DE PINO 1a 1-1/2 X 8 X 8-1/4 FSC 100% IXTLAN","MADERA","PT","",""
"MADERA DE PINO 1a 3/4  X 6 X 8-1/4 (TABLA) LA ASUNCION","MADERA","PZ","109.39","2025-04-29"
"MADERA DE PINO 1a 3/4 X 10 X 8-1/4 (TABLA) PASAM","MADERA","PZ","",""
"MADERA DE PINO 1a 3/4 X 10 X 8-1/4 FSC 100% IXTLAN","MADERA","PT","",""
"MADERA DE PINO 1a 3/4 X 11 X 8-1/4 (TABLA) PASAM","MADERA","PZ","",""
"MADERA DE PINO 1a 3/4 X 12 X 8-1/4 FSC 100% IXTLAN","MADERA","PT","",""
"MADERA DE PINO 1a 3/4 X 4 X 6 FSC 100% IXTLAN","MADERA","PT","",""
"MADERA DE PINO 1a 3/4 X 4 X 8-1/4 (TABLA) PASAM","MADERA","PZ","",""
"MADERA DE PINO 1a 3/4 X 4 X 8-1/4 FSC 100% IXTLAN","MADERA","PT","",""
"MADERA DE PINO 1a 3/4 X 6 X 8-1/4 (TABLA) PASAM","MADERA","PZ","",""
"MADERA DE PINO 1a 3/4 X 6 X 8-1/4 FSC 100% IXTLAN","MADERA","PT","",""
"MADERA DE PINO 1a 3/4 X 8 X 8-1/4 (TABLA) LA ASUNCION","MADERA","PZ","148.44","2025-11-04"
"MADERA DE PINO 1a 3/4 X 8 X 8-1/4 (TABLA) PASAM","MADERA","PZ","173.0","2025-05-22"
"MADERA DE PINO 1a 3/4 X 8 X 8-1/4 FSC 100% IXTLAN","MADERA","PT","",""
"MADERA DE PINO 1a. 3/4 X 10 X 8-1/4 (TABLA) LA ASUNCION","MADERA","PZ","",""
"MADERA DE PINO 2a 1-1/2 X 8 X 8-1/4 (TABLON) LA ASUNCION","MADERA","PZ","",""
"MADERA DE PINO 2a 3/4 X 4 X 8-1/4 (TABLA) ML","MADERA","PZ","76.72","2026-04-09"
"MADERA DE PINO 2a 3/4 X 8 X 8-1/4 (TABLON) LA ASUNCION","MADERA","PZ","",""
"MADERA DE PINO 3-1/2 X 8 X 17 VIGA PASAM","MADERA","PT","40.34","2025-11-10"
"MADERA DE PINO 3a 2"" X 10 X 8 (TABLON) PASAM","MADERA","PZ","",""
"MADERA DE PINO 3a 2"" X 8 X 8 (TABLON) PASAM","MADERA","PZ","",""
"MADERA DE PINO 3a 2"" X 9 X 8 (TABLON) PASAM","MADERA","PZ","",""
"MADERA DE PINO 3a 3/4 X 4 X 8-1/4 ML","MADERA","PZ","",""
"MADERA DE PINO IMPREGNADO (TRATADO) 2a LA ASUNCION","MADERA","PZ","452.4","2026-05-04"
"MADERA DE TECA TECTONA GRANDIS","MADERA","PT","",""
"MADERA DE TZALAM 1A ESTUFADA PT LA ASUNCION","MADERA","PT","65.76","2026-05-25"
"MADERA DE TZALAM 1A ESTUFADA PT WASH","MADERA","PT","85.0","2026-05-05"
"MADERA DE TZALAM MR ""ARBOL DE LA VIDA""","MADERA","PT","",""
"MADERA ESTUFADA TZALAM ARBOL DE LA VIDA","MADERA","PT","88.0","2026-04-28"
"MALLA PARA GALLINERO 25MM X 1M ALTO","FERRETERIA","MT","31.03","2025-05-28"
"MALLA ROMBO METAL DESP D20-18 X 90","FERRETERIA","ROLLO","1525.86","2025-06-05"
"MALLA ROMBO METAL DESP E25-18","FERRETERIA","MT","",""
"MALLA ROMBO METAL DESP G34-16","FERRETERIA","MT","",""
"MANDRIL 3/8"" TRUPER 101390","SIERRAS, CUCHILLAS Y BROCAS","PZ","85.34","2025-01-07"
"MANGUERA PARA AIRE 1/4 GATES REFORZADA 40142000 SURTIMACO CODIGO: EC2004","MANTENIMIENTO","PZ","85.34","2026-02-27"
"MANGUERA PARA GAS CON CONECTORES","MANTENIMIENTO","MT","",""
"MARCADOR PARA PIZARRON BLANCO","PAPELERIA","PZ","",""
"MARCADOR PERMANENTE NEGRO","PAPELERIA","PZ","",""
"MARCADOR PERMANENTE ROJO","PAPELERIA","PZ","",""
"MARTILLO UÑA CURVA 16 OZ 16752","HERRAMIENTAS","PZ","86.77","2026-02-27"
"MASCARILLA (RESPIRADOR) CON CARTUCHO FILTRO PRETUL 23390 RES-1-P","EQ SEGURIDAD","KIT","",""
"MASCARILLA (RESPIRADOR) MEDIA, AJUSTABLE, DOBLE FILTRO MCA. GONI MOD. 635","EQ SEGURIDAD","PZ","132.66","2026-05-13"
"MASCARILLA QUIRURGICA TRICAPA (CUBREBOCA)","EQ SEGURIDAD","PZ","1.53","2026-04-30"
"MASCARILLA RESPIRADOR CONCHA C/VALVULA","EQ SEGURIDAD","PZ","",""
"MASCARILLAS KN-95","EQ SEGURIDAD","PZ","3.32","2026-02-10"
"MASKING TAPE 3M AZUL 1-1/2""","FERRETERIA","PZ","94.4","2025-05-21"
"MASKING TAPE 3M AZUL 3/4""","FERRETERIA","PZ","97.84","2025-05-21"
"MASKING TAPE FANDELI 18mm X 50m 3/4"" 72161","FERRETERIA","PZ","13.91","2026-01-14"
"MASKING TAPE FANDELI 48mm X 50m 2""","FERRETERIA","PZ","",""
"MASKING TAPE TRUPER 3/4"" X 50M","FERRETERIA","PZ","",""
"MDF BLANCO ABSOLUTO MEL LOBUS 2/C 15X1.22X2.44","MDF, TRIPLAY, ECOTAB","HOJA","508.62","2025-06-25"
"MDF BLANCO CRISTAL MEL PROTEAK 2/C 15X1.22X2.44","MDF, TRIPLAY, ECOTAB","HOJA","",""
"MDF BLANCO CRISTAL MEL PROTEAK 2/C 18X1.22X2.44","MDF, TRIPLAY, ECOTAB","HOJA","602.59","2025-04-23"
"MDF BLANCO CRISTAL MEL PROTEAK 2/C 5.5X1.22X2.44","MDF, TRIPLAY, ECOTAB","HOJA","",""
"MDF CHAPA DE CEDRO 2/C 15X1.22X2.44","MDF, TRIPLAY, ECOTAB","HOJA","750.0","2025-08-13"
"MDF CHAPA DE CEDRO 2/C 18X1.22X2.44","MDF, TRIPLAY, ECOTAB","HOJA","",""
"MDF CHAPA DE ENCINO 1/C 4.2X1.22X2.44","MDF, TRIPLAY, ECOTAB","HOJA","257.76","2025-05-20"
"MDF CHAPA DE ENCINO 1/C 4.5X1.22X2.44","MDF, TRIPLAY, ECOTAB","HOJA","202.58","2026-04-17"
"MDF CHAPA DE ENCINO 2/C 15X1.22X2.44","MDF, TRIPLAY, ECOTAB","HOJA","501.72","2025-11-26"
"MDF CHAPA DE ENCINO 2/C 18X1.22X2.44","MDF, TRIPLAY, ECOTAB","HOJA","636.21","2026-04-24"
"MDF CHAPA DE PINO 2/C 15X1.22X2.44","MDF, TRIPLAY, ECOTAB","HOJA","495.69","2025-08-08"
"MDF CHAPA DE PINO 2/C 18X1.22X2.44","MDF, TRIPLAY, ECOTAB","HOJA","565.52","1958-08-25"
"MDF CHAPA NOGAL 15MMX1220X2440 ARAUCO","MDF, TRIPLAY, ECOTAB","HOJA","625.86","2025-02-28"
"MDF CHAPA OKUME 15MMX1.22X2.44","MDF, TRIPLAY, ECOTAB","HOJA","",""
"MDF CHAPA OKUME 18MMX1.22X2.44","MDF, TRIPLAY, ECOTAB","HOJA","",""
"MDF CHAPA OKUME 5MMX1.22X2.44 1/C","MDF, TRIPLAY, ECOTAB","HOJA","177.5","2025-09-05"
"MDF CHAPA TZALAM 12MMX4X8 1/C","MDF, TRIPLAY, ECOTAB","HOJA","700.0","2026-02-11"
"MDF CHAPA TZALAM 15MMX1220X244 2/C","MDF, TRIPLAY, ECOTAB","HOJA","589.65","2026-01-14"
"MDF CHAPA TZALAM 15MMX122X244 ARAUCO","MDF, TRIPLAY, ECOTAB","HOJA","912.93","2026-04-20"
"MDF CHAPA TZALAM 18MMX1220X2440X","MDF, TRIPLAY, ECOTAB","HOJA","",""
"MDF CHAPA TZALAM 18MMX1220X2440X(AZUL FINO) ARAUCO","MDF, TRIPLAY, ECOTAB","HOJA","",""
"MDF FRESNO INVIERNO MEL PROTEAK 2/C 5.5X1.22X2.44 DELG","MDF, TRIPLAY, ECOTAB","HOJA","595.92","2025-06-12"
"MDF GRIS CLARO MATE ARAUCO 15MMX1220X2440","MDF, TRIPLAY, ECOTAB","HOJA","",""
"MDF GRIS LAVA 15MM","MDF, TRIPLAY, ECOTAB","HOJA","",""
"MDF LINO ANTOLOGIA MEL PROTEAK 2/C 15X1.22X2.44","MDF, TRIPLAY, ECOTAB","HOJA","780.17","2025-06-19"
"MDF LINO BOGA MEL PROTEAK 2/C 15X1.22X2.44","MDF, TRIPLAY, ECOTAB","HOJA","780.17","2025-06-19"
"MDF MACUIL MEL LOBUS 2/C 15X1.22X2.44","MDF, TRIPLAY, ECOTAB","HOJA","599.14","2025-05-29"
"MDF MALTA 15MMX1220X2440 ARAUCO","MDF, TRIPLAY, ECOTAB","HOJA","",""
"MDF MELAMINADO MAPLE 2/C 18MM","MDF, TRIPLAY, ECOTAB","HOJA","956.98","2026-03-16"
"MDF NATURAL 3MM","MDF, TRIPLAY, ECOTAB","HOJA","",""
"MDF NATURAL PROTEAK 12MM","MDF, TRIPLAY, ECOTAB","HOJA","",""
"MDF NATURAL PROTEAK 15MM","MDF, TRIPLAY, ECOTAB","HOJA","378.44","2026-01-27"
"MDF NATURAL PROTEAK 18MM","MDF, TRIPLAY, ECOTAB","HOJA","",""
"MDF NATURAL PROTEAK 5.5MM","MDF, TRIPLAY, ECOTAB","HOJA","",""
"MDF NATURAL PROTEAK 9MM","MDF, TRIPLAY, ECOTAB","HOJA","",""
"MDF NEGRO MATE ARAUCO 15MM X 1220 X 2440","MDF, TRIPLAY, ECOTAB","HOJA","",""
"MDF NOGAL ABISMO MEL PROTEAK 2/C 15X1.22X2.44","MDF, TRIPLAY, ECOTAB","HOJA","",""
"MDF OXFORD MATE ARAUCO 15MMX1220X2440","MDF, TRIPLAY, ECOTAB","HOJA","",""
"MDF REHAU RAUVSIO SUPER MATE AFTER DARK 2800X1300X19MM","MDF, TRIPLAY, ECOTAB","HOJA","",""
"MECANISMO BULONES 60X24MM 911.02.249","FERRETERIA","PZ","441.19","2026-01-26"
"MECANISMO JAKO MOD. 2130 NEGRO 85MMX50MM","FERRETERIA","PZ","316.89","2026-03-13"
"MECATE 1/2""","FERRETERIA","KG","",""
"MECATE 3/4""","FERRETERIA","KG","",""
"MECATE 3/8""","FERRETERIA","KG","",""
"MECHUDO","PRODUCTO DE LIMPIEZA","PZ","",""
"MICROALAMBRE DE SOLDADURA AUTOPROTECT 4.5 KG 0.9MM 0.035"" SOSWM3-325","FERRETERIA","PZ","",""
"MINI CERRADURA DE EMBUTIR COMPLETA BRONCE X0031LXM33","FERRETERIA","PZ","",""
"MINI CUCHILLA P/CEPILLO BOSCH 1358-3365-3272 2607000096","SIERRAS, CUCHILLAS Y BROCAS","PAR","",""
"MINI CUCHILLA P/CEPILLO MAKITA D07945","SIERRAS, CUCHILLAS Y BROCAS","JG","228.38","2025-05-21"
"MINI RODILLO NYLON 4"" MCA. ÉXITO 19ARE00001","FERRETERIA","PZ","27.59","2024-12-12"
"MOLINETE EMBALADO 41mm 87-M 002-0100 60 KG HERRASA","FERRETERIA","JG","55.33","2025-06-02"
"MORFIN PORTACANDADO GALVANIZADO #051 MM 2""","METALICOS","PZ","",""
"MORTERO","CONSTRUCCION","TONELADA","",""
"MOSQUITERO MAGNETICO","CONSTRUCCION","LOTE","6901.81","2026-05-08"
"MULTISPRAY 400 ML (LUBRICANTE) SOUDAL SD119707","FERRETERIA","PZ","55.5","2026-05-19"
"NIVEL 48"" CON PROTECCION ABS, TRUPER","HERRAMIENTAS","PZ","",""
"NIVELADOR CROMADO DIAM 25mm CERRAJES 0203-006","FERRETERIA","PZ","",""
"NIVELADOR ESTRIADO NEGRO 3/8 166965 (CON TUERCA)","FERRETERIA","PZ","11.32","2025-02-12"
"NIVELADOR KNOLL 3/8 CROMADO 166026","FERRETERIA","PZ","",""
"NO MÁS CLAVOS 353g.","PEGAMENTOS Y RESINAS","PZ","98.25","2025-03-12"
"OLIVARI MO-MOV.XGRDX MOVIMENTO X CREMONESE C/FORI DX (DERECHO)","FERRETERIA","PZ","134.82","2026-01-02"
"OLIVARI MO-MOV.XGRSX MOVIMENTO X CREMONESE C/FORI SX (IZQUIERDO)","FERRETERIA","PZ","134.82","2026-01-02"
"OLIVARI MO-PLA.C195.DS C195 DS CREMONES WITH MOVIM","FERRETERIA","PZ","2030.25","2026-01-05"
"OLIVARI MO-PLA.C195DS C195.DS PLANET CREMON","FERRETERIA","PZ","1798.27","2026-01-02"
"OLIVARI MO-PLA.K195DS K195DS PLANET SK","FERRETERIA","PZ","1813.3","2026-01-02"
"OLIVARI MO-PLA.L111.DS L111.DS","FERRETERIA","PZ","7787.66","2026-01-05"
"OLIVARI MO-PLA.M195RY8.DS MANIGLIA ""PLANET"" C/R FY SUPER BRONZO S.","FERRETERIA","PZ","3094.49","2026-01-05"
"OPRESOR 1/4X1 NF","FERRETERIA","PZ","",""
"OPRESOR ALLEN MILIMETRICO 6X12","FERRETERIA","PZ","",""
"PALANCA DE APRIETE P/ROUTER BOSCH 2610915060 SBPT01","FERRETERIA","PZ","",""
"PANTIMEDIAS","FERRETERIA","PZ","",""
"PAPEL DOBLE CARTA (500 HOJAS)","PAPELERIA","PAQ","214.66","2026-01-29"
"PASACABLES 50MM DE DIAMETRO NEGRO 3429","FERRETERIA","PZ","",""
"PASADOR DE BARRIL HERMEX 2"" NEGRO MATE 43693","FERRETERIA","PZ","20.69","2025-05-28"
"PASADOR DE EMBUTIR 15 CM ACERO INOXIDABLE HERRASA ALIS 189M6","FERRETERIA","PZ","155.14","2025-02-26"
"PASADOR DE EMBUTIR ACERO INOXIDABLE LATON ANTIGUO 30CM MCA. SM, MOD. 100080902023","FERRETERIA","PZ","258.62","2026-04-07"
"PASADOR DE EMBUTIR ACERO INOXIDABLE LATON ANTIGUO 46CM MCA. SM, MOD. 10008000952020","FERRETERIA","PZ","591.32","2026-04-07"
"PASADOR DE EMBUTIR C/GATILLO 150MM ACERI UBIX CERRAJES 0801-053","FERRETERIA","PZ","138.79","2025-07-14"
"PASADOR DE MAROMA 200MM NS 203477","FERRETERIA","PZ","112.4","2025-02-14"
"PASADOR DE MAROMA CHICO COBRE (23CM ) ALIS 72M6","FERRETERIA","PZ","",""
"PASADOR DE MAROMA MEDIANO COBRE (34CM ) ALIS 73M6","FERRETERIA","PZ","",""
"PASADOR HOLANDES 20 CM CROMO SATIN ALIS","FERRETERIA","PZ","422.15","2025-12-01"
"PASADOR PARA VENTANA RISH 3002 COD 64185 LA 45 (LATON ANTIGUO)","FERRETERIA","PZ","",""
"PASADOR TIPO FRANCES 100MM NS 24 4055","FERRETERIA","PZ","",""
"PASADOR TIPO FRANCES 12"" NEGRO IKEDA COD. 1210","FERRETERIA","PZ","",""
"PASTA TERMICA PARA PROCESADOR JERINGA DE 1g.","FERRETERIA","PZ","35.0","2025-03-31"
"PEGAMENTO DE CONTACTO RESISTOL 5000 1000 ML","PEGAMENTOS Y RESINAS","PZ","245.66","2026-02-17"
"PEGAMENTO DE CONTACTO RESISTOL 5000 500 ML","PEGAMENTOS Y RESINAS","PZ","",""
"PEGAMENTO PRESTO POLIURETANO RAPIDO 500 GR","PEGAMENTOS Y RESINAS","PZ","211.21","2026-02-27"
"PEGAMENTO RESISTOL 950 AMARILLO 18 KG","PEGAMENTOS Y RESINAS","LT","84.77","2026-02-27"
"PEPE SILICON BLANCO PENNSYLVANIA","PEGAMENTOS Y RESINAS","PZ","",""
"PERFIL (HULE TRIANGULAR) PARA PUERTAS RAMTEC","FERRETERIA","MT","",""
"PERFIL GOLA L NEGRO MATE 4M 115.70.643","FERRETERIA","TRAMO","",""
"PERFIL JALADERA ALUMINIO ANOD. 2500X43 126.14.901","FERRETERIA","TRAMO","",""
"PERFIL PERSIANA DE ALUMINIO BRONCE","FERRETERIA","MT","",""
"PERRO DE HIERRO MALEABLE 1/2""","FERRETERIA","PZ","",""
"PIEDRA ABRASIVA OXIDO DE ALUMINIO AUSTROMEX 11A60N5VA6 CLAVE 23  6"" X 1"" X 1""","FERRETERIA","PZ","215.52","2026-01-16"
"PIEDRA ABRASIVA OXIDO DE ALUMINIO TRUPER 16348 6"" X 3/4"" X 1""","FERRETERIA","PZ","132.76","2026-01-16"
"PIEDRA DE REPUESTO PARA ENCENDEDOR DE CAZUELA TRUPER 19272","FERRETERIA","PZ","",""
"PIEDRA PARA ASENTAR (AFILAR) 152X50X25MM","FERRETERIA","PZ","",""
"PIGMENTO PARA RESINA METALICO AZUL ARCOIRIS","BARNIZ, ACEITE Y PINTURA","GR","",""
"PIGMENTO UNIVERSAL AZUL P9708.25","BARNIZ, ACEITE Y PINTURA","ML","",""
"PIGMENTO UNIVERSAL BLANCA P9701.25","BARNIZ, ACEITE Y PINTURA","ML","",""
"PIGMENTO UNIVERSAL NEGRA P9709.25","BARNIZ, ACEITE Y PINTURA","ML","",""
"PIGMENTO UNIVERSAL VERDE ORGANICO P9715.25","BARNIZ, ACEITE Y PINTURA","ML","",""
"PIJA C/FIJADORA 10 X 1-/4""","TORNILLERIA","PZ","",""
"PIJA C/FIJADORA 10 X 3/4""","TORNILLERIA","PZ","",""
"PIJA C/FIJADORA 12 X 3""","TORNILLERIA","PZ","",""
"PIJA C/FIJADORA 14 X 1-1/2""","TORNILLERIA","PZ","",""
"PIJA HEX P/LAMINA 14X1-1/4"" CON ACCESORIO VULCANIZADO 1/4","TORNILLERIA","PZ","",""
"PIJA HEX PUNTA DE BROCA 14 X 1-1/4 CON ACCESORIO VULCANIZADO DE 1/4","TORNILLERIA","PZ","",""
"PIJA HEX PUNTA DE BROCA 14 X 2 CON ACCESORIO VULCANIZADO 1/4","TORNILLERIA","PZ","",""
"PIJA HEX PUNTA DE BROCA 14 X 3","TORNILLERIA","PZ","2.38","2025-06-30"
"PIJA SANITARIA 1/4"" X 66MM","TORNILLERIA","PZ","",""
"PILA PARA BASCULA 2032","FERRETERIA","PZ","",""
"PINCEL (12 PZ)","FERRETERIA","KIT","76.72","2025-11-07"
"PINCEL (3 PZ)","FERRETERIA","KIT","",""
"PINCEL (5 PZ)","FERRETERIA","KIT","61.21","2025-12-30"
"PINOL","PRODUCTO DE LIMPIEZA","LT","37.5","2026-05-05"
"PINTURA EN AEROSOL AEROCOMEX EFECTO VITRAGLASS BLANCO 1404929","PINTURA","PZ","156.03","2026-05-07"
"PINTURA EN AEROSOL NARANJA FLUORESCENTE","BARNIZ, ACEITE Y PINTURA","PZ","",""
"PINTURA EN AEROSOL NEGRO MATE","BARNIZ, ACEITE Y PINTURA","PZ","",""
"PINTURA EPOXICA GRIS CON CATALIZADOR Y SOLVENTE","BARNIZ, ACEITE Y PINTURA","LT","",""
"PINTURA NEGRO MATE (JAZZ) S. R. 625","BARNIZ, ACEITE Y PINTURA","LT","",""
"PINTURA PARA CONCRETO ROJO OXIDO DECONKRET E.1KG","BARNIZ, ACEITE Y PINTURA","KG","90.95","2026-05-06"
"PINTURA PRO 1000 PLUS BLANCO COMEX","BARNIZ, ACEITE Y PINTURA","LT","132.33","2024-12-19"
"PINZA DE PUNTA Y CORTE 8"" TRUPER COD. 17310","FERRETERIA","PZ","100.59","2006-02-27"
"PINZA P/TIERRA 300/500 AMP","FERRETERIA","PZ","",""
"PISTOLA CALAFATEADORA TIPO ESQUELETO REFORZADA TRUPER","HERRAMIENTAS","PZ","",""
"PISTOLA DE GRAVEDAD VASO DE PLASTICO 600CC IH321 GONI","HERRAMIENTAS","PZ","",""
"PISTOLA PARA SOPLETEAR GONI MOD. 363","FERRETERIA","PZ","68.97","2025-02-28"
"PISTOLA PARA SOPLETEAR MOD 304","FERRETERIA","PZ","46.55","2026-02-27"
"PISTON A GAS SIMPLE 60 NW 4010049002","FERRETERIA","PZ","",""
"PISTON HAFELE 1700N 271.99.382","FERRETERIA","PZ","",""
"PIVOTE CENTRADO DE ZAMAC 1091 HERRALUM","FERRETERIA","PZ","",""
"PIVOTE CENTRADO INYECTADO ALUMINIO 2174 HERRALUM","FERRETERIA","PZ","195.83","2024-12-12"
"PIVOTE OCULTO CAPACIDAD 80KG MOD. 10100 SATIN JAKO","FERRETERIA","PZ","",""
"PIVOTE P/PUERTA AJUSTABLE 70 KG MOD JK3129 JAKO","FERRETERIA","PZ","539.28","2024-12-12"
"PIVOTE P/PUERTA VAI-VEN 400 130X25 INOX. 100 KG","FERRETERIA","PZ","681.34","2024-12-12"
"PIVOTE P/PUERTA VAI-VEN 401 150X25 INOX. 200 KG (9V3)","FERRETERIA","PZ","1114.82","2026-02-24"
"PLACA 100X100X3/16""","METALICOS","PZ","",""
"PLACA 30X30 1/4""","METALICOS","PZ","",""
"PLACA 32X32 1/4""","METALICOS","PZ","",""
"PLACA 45X45 1/4""","METALICOS","PZ","",""
"PLACA 60X60 1/4""","METALICOS","PZ","",""
"PLACA GIRATORIA DE ALUMINIO 10""","FERRETERIA","PZ","",""
"PLACA GIRATORIA DE ALUMINIO 14""","FERRETERIA","PZ","",""
"PLASTICO TRANSPARENTE GRUESO 1MT","TELAS Y LONAS","MT","",""
"PLASTIPROTECTOR COMEX 2.4 X 4 = 10m2 USO LIGERO","FERRETERIA","PZ","32.33","2025-01-08"
"PLASTIPROTECTOR COMEX 2.4 X 4 = 10m2 USO RUDO","FERRETERIA","PZ","52.59","2025-05-21"
"PLASTIPROTECTOR CORONA 2.5 X 4 = 10m2 USO RUDO","FERRETERIA","PZ","18.69","2026-03-03"
"PLOMERIA","SERVICIOS","PZ","1172.83","2026-02-24"
"PLUMA TINTA NEGRA","PAPELERIA","PZ","",""
"POLEA DE ALUMINIO DIAMETRO EXTERNO 2"", DIAMETRO INTERNO PARA EJE DE 5/8"", TIPO DE SURCO ""V""","FERRETERIA","PZ","166.14","2026-02-12"
"POLEA DE ALUMINIO DIAMETRO EXTERNO 4"", DIAMETRO INTERNO PARA EJE DE 5/8"", TIPO DE SURCO ""V""","FERRETERIA","PZ","180.0","2026-02-11"
"POLI RESINAS HüETTENES - RESINA PRHA-1204","FERRETERIA","KG","26.26","2024-12-17"
"POLI RESINAS HüETTENES - RESINA PRHA-800","FERRETERIA","KG","60.93","2026-05-14"
"POLI RESINAS HüETTENES - RESINA PRHA-852","FERRETERIA","KG","66.81","2025-06-12"
"POLVO PARA TIRALINEAS ROJO TRUPER 8 OZ","FERRETERIA","PZ","",""
"POLYFORM BARNIZ 11000 BRILLANTE E. 1L","BARNIZ, ACEITE Y PINTURA","LT","201.72","2025-01-23"
"POLYFORM BARNIZ 11000 MATE E. 1L","BARNIZ, ACEITE Y PINTURA","LT","201.72","2025-01-23"
"POLYFORM CATALIZADOR 250 E. 1L","BARNIZ, ACEITE Y PINTURA","LT","538.36","2025-01-16"
"POLYFORM SOLVENTE P/POLIURETANO E.1L","BARNIZ, ACEITE Y PINTURA","LT","535.78","2025-01-16"
"POLYFORM SOLVENTE P/POLIURETANO E.1L COMEX","BARNIZ, ACEITE Y PINTURA","LT","",""
"POLYSEAL MILIMETRICO (EMPAQUES PARA PISTÓN DE PRENSA HIDRAULICA) 100X120X15","MANTENIMIENTO","PZ","",""
"PORTA BITS SPAX PUNTAS MÁS PORTA PUNTAS","SIERRAS, CUCHILLAS Y BROCAS","KIT","",""
"PORTA CANDADO 6410","FERRETERIA","PZ","26.44","2025-06-30"
"PORTA ELECTRODO 250 AMP","ELECTRICO E ILUMINACION","PZ","",""
"PRIMARIO COMEX 100 SECADO EXT RAPID GRIS  19A0608937","BARNIZ, ACEITE Y PINTURA","LT","226.72","2026-03-27"
"PRIMER GRIS S.R. 680","BARNIZ, ACEITE Y PINTURA","LT","",""
"PROBETA DE VIDRIO GRADUADA 10 ML","BARNIZ, ACEITE Y PINTURA","PZ","239.0","2025-02-21"
"PROBETA DE VIDRIO GRADUADA 250 ML","BARNIZ, ACEITE Y PINTURA","PZ","360.0","2025-02-21"
"PROYECTOR PARA VENTANA MOD. 6221 NEGRO JAKO (LIMITADOR DE APERTURA)","FERRETERIA","PZ","421.17","2025-10-20"
"PTR 1-1/2"" C.14","METALICOS","TRAMO","",""
"PTR 2"" C.14","METALICOS","TRAMO","",""
"PTR 2""X1"" C.14","METALICOS","TRAMO","319.83","2025-11-03"
"PTR 3"" C.14","METALICOS","TRAMO","628.45","2025-11-03"
"PTR 3""X2"" C.14","CONSTRUCCION","TRAMO","",""
"PTR 4"" C.14","METALICOS","TRAMO","",""
"PUNTA PH2 2"" (50mm) P/ATORNILLADOR DE IMPACTO","FERRETERIA","PZ","",""
"PUNTA PH2 2"" P/ATORNILLADOR DE IMPACTO MILWAUKE / TRUPER / DEWALT / MAKITA","FERRETERIA","PZ","17.93","2026-02-18"
"PUNTA PH2 STANLEY 2"" (50mm) PARA DESTORNILLADOR","FERRETERIA","PZ","9.46","2025-11-10"
"PUNTA PH3 2"" P/ATORNILLADOR DE IMPACTO A-98996 MAKITA","FERRETERIA","PZ","12.24","2024-12-31"
"PUNTA PZ1 2"" (50mm)","FERRETERIA","PZ","",""
"PUNTA PZ2 2"" (50mm) P/ATORNILLADOR DE IMPACTO","FERRETERIA","PZ","61.78","2026-02-20"
"PUNTA PZ2 2"" P/ATORNILLADOR DE IMPACTO BOSCH 2608522331","FERRETERIA","PZ","",""
"PUNTA T15 2"" (50mm) TORX PARA TORNILLO SPAX","FERRETERIA","PZ","61.21","2025-06-30"
"PUNTA T20 2"" (50mm) TORX PARA TORNILLO SPAX","FERRETERIA","PZ","61.78","2026-02-20"
"PUNTA T25 2"" (50mm) TORX PARA TORNILLO SPAX","FERRETERIA","PZ","",""
"PUNTA T30 2"" (50mm) TORX PARA TORNILLO SPAX","FERRETERIA","PZ","61.21","2025-06-30"
"PUNTA T40 2"" (50mm) TORX PARA TORNILLO SPAX","FERRETERIA","PZ","55.64","2024-05-01"
"PUNTAS JUEGO DE DESTORNILLADORES DEWALT DW2167 (25-PZ)","FERRETERIA","KIT","",""
"RECEPTACULO NEGRO 20A 120/208V 3Y 4P 4H ARROW","ELECTRICO E ILUMINACION","PZ","",""
"REGULADOR DE AIRE CON MANOMETRO 1/4"" GONI MOD. 316","MANTENIMIENTO","PZ","",""
"RELLENADOR PLASTICO GRIS CON CATALIZACOR  COMEX 0808410","BARNIZ, ACEITE Y PINTURA","LT","324.12","2025-12-10"
"RELLENADOR PLÁSTICO GRIS (RESANADOR AUTOMOTRIZ) COMEX 0608410","BARNIZ, ACEITE Y PINTURA","LT","",""
"REMOVEDOR DE PINTURAS Y LACAS COMEX 0.960L","BARNIZ, ACEITE Y PINTURA","LT","200.86","2025-04-22"
"REPUESTO CUTTER 18MM REPCUTF8","PAPELERIA","PZ","2.38","2025-06-25"
"RESANADOR AUTOMOTRIZ AMARILLO C/CATALIZADOR ZHAIA","BARNIZ, ACEITE Y PINTURA","LT","",""
"RESANADOR COMEX OK E.240L","BARNIZ, ACEITE Y PINTURA","PZ","",""
"RESANADOR PARA MADERA BASE AGUA LOBUS PINO 1Kg","FERRETERIA","KG","",""
"RESBALON ASHICO ACERO INOX 438","FERRETERIA","PZ","",""
"RESBALON ASHICO PRONTO NEGRO MATE 84X23 95437","FERRETERIA","PZ","122.13","2026-05-20"
"RESBALON CON CLAVO 16mm NEGRO M5601-B100","FERRETERIA","PZ","0.65","2026-02-27"
"RESBALON CON CLAVO 20mm BLANCO","FERRETERIA","PZ","1.63","2026-02-27"
"RESBALON CON CLAVO Y FELPA 24mm","FERRETERIA","PZ","3.45","2025-01-08"
"RESBALON CON CLAVO Y FELPA 28mm","FERRETERIA","PZ","4.31","2025-01-08"
"RESBALON DOBLE BALA NIQUEL 60MM 3357","FERRETERIA","PZ","38.9","2025-11-07"
"RESINA DIAMANTE P/ENCAPSULADOS EP015","PEGAMENTOS Y RESINAS","LT","",""
"RESINA JOWACOLL 103.10 PARA PEGADO DE MADERA Y LAMINACION D3 RESISTENTE A LA HUMEDAD","PEGAMENTOS Y RESINAS","KG","137.04","2025-05-30"
"RIEL ADAPTADOR 2"" NATURAL 6.10 CUPRUM","FERRETERIA","TRAMO","189.59","2025-03-24"
"RIEL GUIA PL ALUMINIO 3 MTS 54034930024","FERRETERIA","TRAMO","254.53","2025-01-29"
"RIEL PL-2550 ALUMINIO 2 MTS 51031520024","FERRETERIA","TRAMO","230.16","2024-12-17"
"RIEL U-150 RECTO AL X 3 MT 54034830024 DUCASE","FERRETERIA","TRAMO","1776.91","2026-05-05"
"RIEL U-21 ALUMINIO 2MTS 54033520024","FERRETERIA","TRAMO","332.97","2026-05-21"
"RIEL U-21 ALUMINIO 3MTS 54033530024","FERRETERIA","TRAMO","499.46","2025-10-01"
"RIEL U-21 ALUMINIO 6MTS 54033560024","FERRETERIA","TRAMO","499.45","2026-04-06"
"RIEL U-300 GALVANIZADO 5.95 MT 10100659991 DUCASSE","FERRETERIA","TRAMO","2082.1","2026-02-23"
"RIEL U-700 NEGRO 5.95 MT 10100603702 DUCASSE","FERRETERIA","TRAMO","4699.26","2026-02-24"
"RODAJA GALVANIZADA STD 2"" PLACA GIRATORIO 30 KG HT515POLG","FERRETERIA","PZ","37.21","2025-07-25"
"RODAJA GALVANIZADA STD 2"" PLACA GIRATORIO 40 KG HI51PGBT","FERRETERIA","PZ","",""
"RODAJA GALVANIZADA STD 2"" PLACA GIRATORIO C/FRENO 30 KG HT515FRPOLG","FERRETERIA","PZ","54.17","2025-07-25"
"RODILLO REFACCIÓN PARA CALADORA DEWALT 620203-01","MANTENIMIENTO","PZ","",""
"RONDANA DE PRESION 1/2 NEGRA","TORNILLERIA","PZ","",""
"RONDANA DE PRESION 3/8","TORNILLERIA","PZ","",""
"RONDANA DE PRESION 5/16","TORNILLERIA","PZ","",""
"RONDANA PLANA ESTRUCTURAL F-436 1/2","TORNILLERIA","PZ","5.47","2025-06-03"
"RONDANA PLANA GALVANIZADA 1/2""","TORNILLERIA","PZ","",""
"RONDANA PLANA GALVANIZADA 1/4""","TORNILLERIA","PZ","0.3","2025-06-05"
"RONDANA PLANA GALVANIZADA 3/16""","TORNILLERIA","PZ","",""
"RONDANA PLANA GALVANIZADA 3/8""","TORNILLERIA","PZ","",""
"RONDANA PLANA GALVANIZADA 5/16""","TORNILLERIA","PZ","",""
"RONDANA PLANA GALVANIZADA 7/16""","TORNILLERIA","PZ","",""
"RONDANA PLANA MM 10","TORNILLERIA","PZ","",""
"RONDANA PLANA NEGRA 1/2","TORNILLERIA","PZ","",""
"RONDANA PLANA NEGRA 5/8""","TORNILLERIA","PZ","",""
"RONDANA PLANA NEGRA 9/16","TORNILLERIA","PZ","",""
"ROTO FRANK NT343733 MECANISMO FALSA MANIOBRA MULTIPUNTO","FERRETERIA","PZ","96.1","2026-04-21"
"ROTO FRANK NT628483 CREMONA CORR. NT400 2ZAP-8 D17 SL IS","FERRETERIA","PZ","107.17","2026-04-21"
"ROTO FRANK NT629554 CORREDERA KOMMERLING SF2 IZQ. SL IS","FERRETERIA","PZ","28.8","2026-04-21"
"ROTOMARTILLO INALAMBRICO  BOSCH  GSB 18V-50 427005396","HERRAMIENTAS","PZ","",""
"ROTOMARTILLO INALAMBRICO  BOSCH  GSB 18V-50 427005417","HERRAMIENTAS","PZ","",""
"ROTOMARTILLO SDS 20V XR  DEWALT  DCH273B W1HBSB9","HERRAMIENTAS","PZ","",""
"ROUTER  20V XR DEWALT  DCW620 000159","HERRAMIENTAS","PZ","",""
"SACSA BROCA HM DE 3"" CON MOLDURA FABRICACION ESPECIAL 2X3-1/2X3","SIERRAS, CUCHILLAS Y BROCAS","PZ","",""
"SAYER ACABADO ACRILICO SUPERMATE EFECTO ESSENZA UM-2100","BARNIZ, ACEITE Y PINTURA","LT","253.9","2026-04-30"
"SAYER ACEITE DANES TRANSPARENTE HI-0100","BARNIZ, ACEITE Y PINTURA","LT","270.91","2026-05-11"
"SAYER ACEITE IMPREGNANTE NOGAL CLASICO HI-0115","BARNIZ, ACEITE Y PINTURA","LT","237.07","2025-05-28"
"SAYER ADELGAZADOR METALITE EPOXY IC-0001","BARNIZ, ACEITE Y PINTURA","LT","",""
"SAYER AISLASAYER CATALIZADOR R-0129/B","BARNIZ, ACEITE Y PINTURA","LT","209.7","2026-05-12"
"SAYER AISLASAYER R-0129/A","BARNIZ, ACEITE Y PINTURA","LT","209.7","2026-05-12"
"SAYER ALTOS SOLIDOS NS-44/300","BARNIZ, ACEITE Y PINTURA","LT","",""
"SAYER ANTIPARASITOS PARA MADERA AD-0051","BARNIZ, ACEITE Y PINTURA","LT","135.13","2026-02-24"
"SAYER BARNIZ MARINO 50 UB SEMI MATE HI-0940","BARNIZ, ACEITE Y PINTURA","LT","248.92","2025-06-27"
"SAYER BLANQUEADOR PARA MADERA AD-0300 N1","BARNIZ, ACEITE Y PINTURA","LT","58.62","2025-03-07"
"SAYER BLANQUEADOR PARA MADERA AD-0301 N2","BARNIZ, ACEITE Y PINTURA","LT","58.62","2025-03-07"
"SAYER BRILLO DIRECTO TRANSPARENTE T-0028/A","BARNIZ, ACEITE Y PINTURA","LT","207.76","2024-04-01"
"SAYER CATALIZADOR PARA BRILLO DIRECTO T-0028/B","BARNIZ, ACEITE Y PINTURA","LT","",""
"SAYER CATALIZADOR PARA POLY LACK UC-0200","BARNIZ, ACEITE Y PINTURA","LT","402.59","2026-02-09"
"SAYER CERALACK AD-0015","BARNIZ, ACEITE Y PINTURA","LT","159.48","2025-06-12"
"SAYER DILUYENTE PARA MANCHASAYER TS-1020","BARNIZ, ACEITE Y PINTURA","LT","105.17","2025-07-01"
"SAYER DILUYENTE PARA NITROLACK D-0450","BARNIZ, ACEITE Y PINTURA","LT","",""
"SAYER DILUYENTE PARA POLIURETANO D-0500","BARNIZ, ACEITE Y PINTURA","LT","107.03","2026-04-29"
"SAYER DILUYENTE PARA POLIYESTER D-0400","BARNIZ, ACEITE Y PINTURA","LT","95.69","2025-11-27"
"SAYER DILUYENTE PARA POLY LACK CRISTAL UD-0200","BARNIZ, ACEITE Y PINTURA","LT","130.17","2026-02-09"
"SAYER DILYENTE PARA POLIURETANOS UD-1000","BARNIZ, ACEITE Y PINTURA","LT","105.6","2025-08-12"
"SAYER DLUYENTE AMERICANO P/NITRO D-8000","BARNIZ, ACEITE Y PINTURA","LT","",""
"SAYER ENDURESAYER CATALIZADOR CRISTAL UC-2050","BARNIZ, ACEITE Y PINTURA","LT","375","2026-05-05"
"SAYER ENDURESAYER CATALIZADOR UC-1000","BARNIZ, ACEITE Y PINTURA","LT","221.55","2025-07-22"
"SAYER ENDURESAYER CRISTAL UC-2000","BARNIZ, ACEITE Y PINTURA","LT","250.86","2025-07-25"
"SAYER ENDURESAYER PARA UREMATE UC-1010","BARNIZ, ACEITE Y PINTURA","LT","",""
"SAYER ENTONASAYER TINTA AL ALCOHOL AMARILLO LIMON TS-6604","BARNIZ, ACEITE Y PINTURA","LT","175.86","2026-03-03"
"SAYER ENTONASAYER TINTA AL ALCOHOL AMARILLO ORO TS-6605","BARNIZ, ACEITE Y PINTURA","LT","179.31","2025-08-13"
"SAYER ENTONASAYER TINTA AL ALCOHOL AVELLANA TS-6630","BARNIZ, ACEITE Y PINTURA","LT","149.14","2025-06-06"
"SAYER ENTONASAYER TINTA AL ALCOHOL BLANCO TS-6601","BARNIZ, ACEITE Y PINTURA","LT","175.86","2026-03-03"
"SAYER ENTONASAYER TINTA AL ALCOHOL CAOBA CLASICO TS-6619","BARNIZ, ACEITE Y PINTURA","LT","",""
"SAYER ENTONASAYER TINTA AL ALCOHOL CAOBA COMERCIAL TS-6618","BARNIZ, ACEITE Y PINTURA","LT","",""
"SAYER ENTONASAYER TINTA AL ALCOHOL MAGNOLIA TS-6625","BARNIZ, ACEITE Y PINTURA","LT","179.31","2025-01-16"
"SAYER ENTONASAYER TINTA AL ALCOHOL NARANJA TS-6608","BARNIZ, ACEITE Y PINTURA","LT","179.31","2025-08-13"
"SAYER ENTONASAYER TINTA AL ALCOHOL NEGRO TS-6602","BARNIZ, ACEITE Y PINTURA","LT","149.14","2025-07-10"
"SAYER ENTONASAYER TINTA AL ALCOHOL NOGAL AMERICANO TS-6614","BARNIZ, ACEITE Y PINTURA","LT","134.48","2025-03-14"
"SAYER ENTONASAYER TINTA AL ALCOHOL NOGAL CLASICO TS-6615","BARNIZ, ACEITE Y PINTURA","LT","157.76","2025-10-10"
"SAYER ENTONASAYER TINTA AL ALCOHOL ROJO VIVO TS-6607","BARNIZ, ACEITE Y PINTURA","LT","179.31","2025-08-13"
"SAYER LACK SILACK","BARNIZ, ACEITE Y PINTURA","PZ","",""
"SAYER MANCHASAYER TINTA AL ACEITE CHOCOLATE TS-6129","BARNIZ, ACEITE Y PINTURA","LT","149.14","2025-07-17"
"SAYER MANCHASAYER TINTA AL ACEITE EARLY AMERICAN TS-6112","BARNIZ, ACEITE Y PINTURA","LT","181.03","2025-08-03"
"SAYER MANCHASAYER TINTA AL ACEITE GLAZE NOGAL MEDIO TXMA-1519","BARNIZ, ACEITE Y PINTURA","LT","68.97","2025-01-09"
"SAYER MANCHASAYER TINTA AL ACEITE GLAZE NOGAL TXMA-0915.10","BARNIZ, ACEITE Y PINTURA","LT","",""
"SAYER MANCHASAYER TINTA AL ACEITE NEGRO TS-6102","BARNIZ, ACEITE Y PINTURA","LT","155.17","2025-07-18"
"SAYER MANCHASAYER TINTA AL ACEITE NOGAL AMERICANO TS-6114","BARNIZ, ACEITE Y PINTURA","LT","",""
"SAYER MANCHASAYER TINTA AL ACEITE NOGAL BLANCA TS-6101","BARNIZ, ACEITE Y PINTURA","LT","149.14","2025-07-25"
"SAYER MANCHASAYER TINTA AL ACEITE NOGAL CLASICO TS-6115","BARNIZ, ACEITE Y PINTURA","LT","",""
"SAYER METALITE EPOXY CATALIZADOR IC-1021","BARNIZ, ACEITE Y PINTURA","LT","",""
"SAYER METALITE EPOXY RECUBRIMIENTO EPOXICO GRIS PERLA IC-1113","BARNIZ, ACEITE Y PINTURA","LT","",""
"SAYER POLY LACK AQUA BRILLANTE UB-0800","BARNIZ, ACEITE Y PINTURA","LT","",""
"SAYER POLY LACK CATALIZADOR UC-0200","BARNIZ, ACEITE Y PINTURA","LT","362.93","2025-07-25"
"SAYER POLY LACK CRISTAL BRILLANTE UB-0200","BARNIZ, ACEITE Y PINTURA","LT","309.05","2026-02-09"
"SAYER POLY LACK CRISTAL MATE UB-0210","BARNIZ, ACEITE Y PINTURA","LT","309.05","2025-07-25"
"SAYER POLY LACK CRISTAL SEMI MATE UB-0240","BARNIZ, ACEITE Y PINTURA","LT","309.05","2025-09-29"
"SAYER PRIMARIO ALTO DESEMPEÑO MATE NARANJA IC-2608","BARNIZ, ACEITE Y PINTURA","LT","",""
"SAYER PROTECTOLACK TRANSPARENTE 20 UB MATE HI-0600","BARNIZ, ACEITE Y PINTURA","LT","270.91","2026-05-14"
"SAYER RESANALACK CAOBA RL-0018.30","BARNIZ, ACEITE Y PINTURA","KG","128.45","2025-04-15"
"SAYER RESANALACK PINO RL-0022.30","BARNIZ, ACEITE Y PINTURA","KG","154.31","2026-02-27"
"SAYER SAYERPOL SEMI MATE BLANCO UM-5301","BARNIZ, ACEITE Y PINTURA","LT","",""
"SAYER THINNER D-0002","BARNIZ, ACEITE Y PINTURA","LT","41.55","2025-10-04"
"SAYER TONE CEDRO PARA PINO S210-TS4264","BARNIZ, ACEITE Y PINTURA","LT","152.59","2025-02-17"
"SAYER TS-61XX.30 (IGUALADO DE TINTAS)","BARNIZ, ACEITE Y PINTURA","LT","",""
"SAYER URESAYER COLOR IGUALADO AZUL MARINO UM-XXXX.30","BARNIZ, ACEITE Y PINTURA","LT","",""
"SAYER URESAYER FONDO RAPIDO CATALIZADOR UC-0042","BARNIZ, ACEITE Y PINTURA","LT","195.69","2026-05-25"
"SAYER URESAYER FONDO RAPIDO UF-0042","BARNIZ, ACEITE Y PINTURA","LT","165.95","2026-05-25"
"SAYER URESAYER FONDO UF-1000","BARNIZ, ACEITE Y PINTURA","LT","",""
"SAYER URESAYER MATE UM-1015","BARNIZ, ACEITE Y PINTURA","LT","182.76","2025-12-16"
"SAYER URESAYER PRIMER BLANCO UP-1001","BARNIZ, ACEITE Y PINTURA","LT","202.37","2025-07-25"
"SAYER URESAYER SEMI MATE UM-1030","BARNIZ, ACEITE Y PINTURA","LT","187.07","2025-11-19"
"SEGUETA BIMETALICA 18 DPP TRUPER  SBI-18","SIERRAS, CUCHILLAS Y BROCAS","PZ","38.79","2025-12-12"
"SEGUETA PARA CALADORA MAKITA T101BR A-86583","SIERRAS, CUCHILLAS Y BROCAS","PZ","31.6","2025-06-24"
"SEGUETAS PARA MADERA BOSCH T101B","SIERRAS, CUCHILLAS Y BROCAS","PZ","",""
"SEGUETAS PARA MADERA BOSCH T101D","SIERRAS, CUCHILLAS Y BROCAS","PZ","",""
"SEGUETAS PARA MADERA MAKITA A-85715 B-19","SIERRAS, CUCHILLAS Y BROCAS","PZ","",""
"SEGURO OMEGA","FERRETERIA","PZ","5.0","2025-07-22"
"SELLADOR ACRILICO BLANCO DAP 300 ML","SILICON Y ACRILASTIC","PZ","",""
"SELLADOR DE POLIURETANO FLEX PU-25 BLANCO 300 ML PRESTO","SILICON Y ACRILASTIC","PZ","",""
"SELLADOR DE POLIURETANO PU50 300ML GRIS 67670/43606","SILICON Y ACRILASTIC","PZ","",""
"SELLADOR DYNAFLEX ELASTOMÉRICO BRONCE DAP 139287","SILICON Y ACRILASTIC","PZ","",""
"SELLADOR DYNAFLEX ELASTOMÉRICO CEDRO DAP 139288","SILICON Y ACRILASTIC","PZ","93.97","2026-03-25"
"SELLADOR ELASTOMERICO MULTIFLEX EN PASTA P/PUERTAS Y VENTANAS ARCILLA 280ML 158702 SISTA","SILICON Y ACRILASTIC","PZ","75.86","2025-12-17"
"SELLADOR ELASTOMERICO PREMIUM DYNAFLEX 230 DARK BRONCE 300ML","SILICON Y ACRILASTIC","PZ","106.03","2025-03-12"
"SELLADOR ELASTOMÉRICO DYNAFLEX EN PASTA MULTIUSOS ALMENDRA 300ML 139285 DAP","SILICON Y ACRILASTIC","PZ","93.97","2025-12-17"
"SELLADOR ELASTOMÉRICO MULTIFLEX EN PASTA P/PUERTAS Y VENTANAS ALMENDRA 280ML 158709 SISTA","SILICON Y ACRILASTIC","PZ","75.86","2025-12-29"
"SELLO BAJO PUERTA AUTOMATICO ZS350 860-910MM 950.13.512 (ANTIESPIFERO)","FERRETERIA","PZ","",""
"SERRUCHO DE COSTILLA 14""","HERRAMIENTAS","PZ","109.55","2026-02-27"
"SIERRA CINTA 1"" AFILADURIA DEL SUR","SIERRAS, CUCHILLAS Y BROCAS","PZ","1250.0","2025-05-19"
"SIERRA CINTA 1"" X 5.80 3 dpp SACSA SCINTA463","SIERRAS, CUCHILLAS Y BROCAS","PZ","1884.57","19/5/0216"
"SIERRA CINTA 5/8"" X 5.80 MT 4 dpp SACSA SCINTA455","SIERRAS, CUCHILLAS Y BROCAS","PZ","976.27","2026-05-19"
"SIERRA CINTA CARBÓN DE 1"" X 4 A 5.80 5DP SACSA SCINTA503","SIERRAS, CUCHILLAS Y BROCAS","PZ","1884.04","2025-06-10"
"SILICON 100% BLANCO PENSYLVANIA","SILICON Y ACRILASTIC","PZ","74.68","2025-05-21"
"SILICON 100% NEGRO PENSYLVANIA","SILICON Y ACRILASTIC","PZ","",""
"SILICON 100% TRANSPARENTE ANTIHONGOS","SILICON Y ACRILASTIC","PZ","40.74","2025-05-15"
"SILICON 100% TRANSPARENTE PENNSYLVANIA","SILICON Y ACRILASTIC","PZ","68.31","2025-08-28"
"SILICON 100% USO GENERAL 280ML CHAMPANG","SILICON Y ACRILASTIC","PZ","",""
"SILICON CONSTRUCCION II TRANSPARENTE PENSYLVANIA","SILICON Y ACRILASTIC","PZ","116.51","2025-06-30"
"SILICON GRIS","SILICON Y ACRILASTIC","PZ","",""
"SILICON TRANSPARENTE MULTIUSOS AFIX 280 ML","SILICON Y ACRILASTIC","PZ","60.25","2024-07-01"
"SILIRUB 2+ TRANSPARENTE 300ML (SILICON DE CURADO NEUTRO) SOUDAL SD114384","SILICON Y ACRILASTIC","PZ","59.9","2025-11-05"
"SILIRUB WS 310ML TRANSPARENTE (SILICON  NEUTRO ALTA ELASTICIDAD) SOUDAL SD121911","SILICON Y ACRILASTIC","PZ","79.98","2026-05-18"
"SISTEMA DE CORREDERA 2H TAURO STD DUCASSE 10300001443","FERRETERIA","KIT","3417.36","2025-01-29"
"SISTEMA DE CORREDERA D-700 DUCASSE 10100227501","FERRETERIA","KIT","2314.6","2026-02-24"
"SISTEMA DE CORREDERA DN-150 CF MADERA 10100219522","FERRETERIA","KIT","902.54","2026-04-28"
"SISTEMA DE CORREDERA DN-80 C/FRENO 4010800700 PASA A 10100217471","FERRETERIA","KIT","251.48","2026-05-21"
"SISTEMA DE CORREDERA DN-80 PL 4/PTAS 4010801400 PASA A 10100217401","FERRETERIA","KIT","",""
"SISTEMA DE CORREDERA DN-80 PL DUCASSE 2 PTAS 4010801300 PASA A 10100217301","FERRETERIA","KIT","243.97","2025-01-06"
"SISTEMA DE CORREDERA HD DN-300 2012030000 PASA A 10100220021","FERRETERIA","KIT","",""
"SISTEMA DE CORREDERA PL2550 1012550100 PASA A 10100800703","FERRETERIA","KIT","",""
"SOLDADURA 1/8"" E6013 LINCOLN","FERRETERIA","KG","",""
"SOLDADURA 1/8"" E7018 LINCOLN","FERRETERIA","KG","77.59","2025-11-03"
"SOLDADURA 3/32"" E6013 LINCOLN","FERRETERIA","KG","",""
"SOLDADURA DE ESTAÑO 60 X 40 P/ELECTRODO","FERRETERIA","MT","",""
"SOLERA 1/4"" X 1""","METALICOS","TRAMO","",""
"SOLERA 1/4"" X 1-1/2""","METALICOS","TRAMO","312.93","2026-03-06"
"SOLERA 1/4"" X 3""","METALICOS","TRAMO","",""
"SOLERA 1/8"" X 1-1/4""","METALICOS","TRAMO","",""
"SOLERA 1/8"" X 2""","METALICOS","TRAMO","",""
"SOLERA 3/16"" X 2""","METALICOS","TRAMO","",""
"SOLERA 3/16"" X 3/4""","METALICOS","TRAMO","",""
"SOLERA DE ALUMINIO 1"" X 1/16 NATURAL 3.66 CUPRUM","METALICOS","TRAMO","",""
"SOLERA DE ALUMINIO 1"" X 1/16 NEGRO 3.66","METALICOS","TRAMO","163.79","2025-07-14"
"SOLERA DE ALUMINIO 2"" X 1/8 NATURAL 3.66","METALICOS","TRAMO","",""
"SOLERA DE LATON 1-1/2"" x 1/8"" 3.66 mt","METALICOS","TRAMO","1017.0","2025-12-15"
"SOLERA DE LATON 1/8"" X 1"" X 3.66 MT","METALICOS","TRAMO","573.76","2026-01-27"
"SOLVENTE P/POLIURETANO BALANCEADO DD-205","BARNIZ, ACEITE Y PINTURA","LT","",""
"SOPORTE (MENSULA) ENTREPAÑO NIQUEL 5MM 282.11.752 HAFELE","FERRETERIA","PZ","3.27","2026-02-27"
"SOUDAFLEX 40FC BLANCO 300 ML (SELLADOR DE POLIURETANO) SOUDAL SD121723","SILICON Y ACRILASTIC","PZ","48.65","2025-11-05"
"SOUDAFLEX 40FC GRIS 300 ML (SELLADODR DE POLIURETANO) SOUDAL SD121721","SILICON Y ACRILASTIC","PZ","48.65","2025-11-05"
"SPA-N-DECK UV 5 ACRYLIC NATURAL BARNIZ BASE AGUA","BARNIZ, ACEITE Y PINTURA","LT","",""
"SUJETADOR CON MATRACA 1"" 3MTS 19281 TRUPER","FERRETERIA","PZ","",""
"SUJETADOR CON MATRACA 1"" 4MTS 151102 TRUPER","FERRETERIA","PZ","",""
"SUJETADOR CON MATRACA 1-1/2"" 5MTS 19283 TRUPER","FERRETERIA","PZ","",""
"SUJETADOR MARIPOSA 1/4","FERRETERIA","PZ","",""
"TABICON LIGERO","CONSTRUCCION","PZ","",""
"TABICON PESADO","CONSTRUCCION","PZ","",""
"TAMBO CON TAPA Y ARO 135 LTS","MANTENIMIENTO","PZ","",""
"TAPICERÍA","SERVICIOS","SERV","3850.0","2025-07-25"
"TAPON AUDITIVO 3M DE ESPUMA 1100","EQ SEGURIDAD","PAR","4.0","2025-10-30"
"TAPON AUDITIVO TRUPER COD. 14225","EQ SEGURIDAD","PZ","12.93","2025-02-05"
"TAQUETE DE EXPANSION C/T 1/2""","FERRETERIA","PZ","",""
"TAQUETE DE MADERA ESTRIADA 8 X 30mm HAFELE 482.04.071","FERRETERIA","PZ","0.36","2026-02-27"
"TAQUETE DE PLASTICO 1/4""","FERRETERIA","PZ","0.25","2026-02-27"
"TAQUETE DE PLASTICO 3/16""","FERRETERIA","PZ","0.42","2025-11-07"
"TAQUETE DE PLASTICO 5/16""","FERRETERIA","PZ","0.28","2025-11-11"
"TEE 1"" ESTRUCTURAL EANG24 LA SIERRA 6mt","METALICOS","TRAMO","310.34","2025-11-20"
"TELA BABY MOSTAZA","TELAS Y LONAS","MT","190.0","2025-06-20"
"TELA DE ALGODÓN","TELAS Y LONAS","MT","",""
"TELA MOSQUITERO DE FIBRA DE VIDRIO GRIS 1.20 MT","FERRETERIA","MT","",""
"TELA MOSQUITERO DE FIBRA DE VIDRIO NEGRO 1.05 MT","FERRETERIA","MT","32.97","2025-04-17"
"TELA MOSQUITERO DE FIBRA DE VIDRIO NEGRO 1.20 MT","FERRETERIA","MT","39.15","2025-03-24"
"TELA MOSQUITERO DE FIBRA DE VIDRIO NEGRO 1.50 MT","FERRETERIA","MT","47.11","2026-01-21"
"TELA MOSQUITERO DE FIBRA DE VIDRIO NEGRO 1.83 MT","FERRETERIA","MT","",""
"THINNER AMERICANO A GRANEL LA ASUNCION (TAMBO 200 LT)","BARNIZ, ACEITE Y PINTURA","LT","32.34","2026-02-27"
"TINTA CONCENTRADA NEGRA TC124-C","BARNIZ, ACEITE Y PINTURA","LT","183.19","2026-02-25"
"TINTA CONCENTRADA NOGAL CLASICO 1/2 LT TC381","BARNIZ, ACEITE Y PINTURA","LT","185.34","2026-05-05"
"TINTA CONCENTRADA NOGAL ESPECIAL LOBUS 1/2 LT TC360-C.05","BARNIZ, ACEITE Y PINTURA","LT","92.67","2025-11-27"
"TIRALINEAS GIS DE REPUESTO COLOR AZUL TRUPER 18576 226g","FERRETERIA","PZ","",""
"TOALLAS MULTIUSOS DE MICROFIBRA 40.64 X 40.64","FERRETERIA","PZ","",""
"TOALLAS MULTIUSOS SCOTT 55 TOALLAS (4 M2 ) AZULES","FERRETERIA","ROLLO","50.0","2026-02-16"
"TOMA CORRIENTE ATENAS MCA. LUMBRO NEGRO MATE","ELECTRICO E ILUMINACION","PZ","441","2026-03-10"
"TOPE DE CONTACTO MAKITA AF505 HY00000377","FERRETERIA","PZ","",""
"TOPE PARA PISO MAGNETICO 1054 ANE BP 6848","FERRETERIA","PZ","114.46","2025-08-15"
"TOPE PARA PISO MAGNETICO 1054 LA BP 3172","FERRETERIA","PZ","110.25","2026-04-23"
"TOPE PARA PISO MAGNETICO 1054 NS BP 3174","FERRETERIA","PZ","104.27","2025-01-14"
"TORNILLO / PERNO BRONCE 1/4 X 25","TORNILLERIA","PZ","",""
"TORNILLO / PERNO HAFELE JCBB ACERO BZD 1/4-20X100 264.76.200","TORNILLERIA","PZ","",""
"TORNILLO / PERNO HAFELE JCBB ACERO BZD 1/4-20X30 264.76.130","TORNILLERIA","PZ","1.2","2025-01-02"
"TORNILLO / PERNO HAFELE JCBB ACERO BZD 1/4-20X40 264.76.140","TORNILLERIA","PZ","4.32","2025-01-02"
"TORNILLO / PERNO HAFELE JCBB ACERO BZD 1/4-20X50 264.76.150","TORNILLERIA","PZ","1.98","2026-02-10"
"TORNILLO / PERNO HAFELE JCBB ACERO BZD 1/4-20X60 264.76.160","TORNILLERIA","PZ","2.22","2026-02-10"
"TORNILLO / PERNO HAFELE JCBB ACERO BZD 1/4-20X70 264.76.170","TORNILLERIA","PZ","4.94","2026-02-10"
"TORNILLO / PERNO HAFELE JCBB ACERO NIQUELADO 1/4-20X30 264.88.630","TORNILLERIA","PZ","3.03","2026-02-10"
"TORNILLO / PERNO HEFELE JCBB ACERO BZD 1/4-20X45 264.76.145","TORNILLERIA","PZ","",""
"TORNILLO / PERNO NIQUELADO 1/4 X 25","TORNILLERIA","PZ","",""
"TORNILLO 7/16X4 NF 65 COMPLETO","TORNILLERIA","PZ","",""
"TORNILLO ALLEN PLANA 1/4 X 3"" TALLPL143","FERRETERIA","PZ","13.81","2026-02-10"
"TORNILLO CABEZA DE COCHE GALV 1/4 X 2"" TCOG142","TORNILLERIA","PZ","",""
"TORNILLO CABEZA DE COCHE GALV 1/4 X 2-1/2"" TCOG14212","TORNILLERIA","PZ","",""
"TORNILLO CABEZA DE COCHE GALV 1/4 X 3"" TCOG143","TORNILLERIA","PZ","",""
"TORNILLO CABEZA HEXAGONAL DE LATON 5/16-18 X 1""","TORNILLERIA","PZ","15.32","2026-01-29"
"TORNILLO G5 NC 1/2X3-1/2","TORNILLERIA","PZ","14.5","2025-06-03"
"TORNILLO G5 NC 3/4X3","TORNILLERIA","PZ","",""
"TORNILLO G5 NC 5/8 X 3","TORNILLERIA","PZ","",""
"TORNILLO G5 NC 5/8 X 3-1/2","TORNILLERIA","PZ","",""
"TORNILLO G5 NF 5/16X1/2","TORNILLERIA","PZ","",""
"TORNILLO GALVANIZADO 1/4 X 1-1/2""","TORNILLERIA","PZ","",""
"TORNILLO GALVANIZADO 3/16 X 1-1/4","TORNILLERIA","PZ","",""
"TORNILLO GRADO 8","TORNILLERIA","PZ","",""
"TORNILLO HEX 88 14X50","TORNILLERIA","PZ","",""
"TORNILLO HEX 88 CUERDA FINA 12-15X40","TORNILLERIA","PZ","",""
"TORNILLO MAQ 1/2X2","TORNILLERIA","PZ","",""
"TORNILLO PARA MADERA CABEZA PLANA ENTRADA PHILLIPS #10X2"" NEGRO COD. 15525","TORNILLERIA","PZ","0.3","2026-02-27"
"TORNILLO PARA MADERA CABEZA PLANA ENTRADA PHILLIPS #10X2-1/2"" NEGRO COD. 15528","TORNILLERIA","PZ","0.33","2024-09-01"
"TORNILLO PARA MADERA CABEZA PLANA ENTRADA PHILLIPS #12X2-1/2"" NEGRO COD. 15521","TORNILLERIA","PZ","0.74","2026-02-10"
"TORNILLO PARA MADERA CABEZA PLANA ENTRADA PHILLIPS #12X3"" NEGRO COD. 15522","TORNILLERIA","PZ","0.64","2026-02-10"
"TORNILLO PARA MADERA CABEZA PLANA ENTRADA PHILLIPS #12X3-1/2"" NEGRO COD. 15523","TORNILLERIA","PZ","0.61","2026-02-06"
"TORNILLO PARA MADERA CABEZA PLANA ENTRADA PHILLIPS #14X2-1/2"" NEGRO COD. 15527","TORNILLERIA","PZ","",""
"TORNILLO PARA MADERA CABEZA PLANA ENTRADA PHILLIPS #14X3"" NEGRO COD. 15530","TORNILLERIA","PZ","0.82","2025-06-20"
"TORNILLO PARA MADERA CABEZA PLANA ENTRADA PHILLIPS #14X4"" NEGRO COD. 00000","TORNILLERIA","PZ","",""
"TORNILLO PARA MADERA CABEZA PLANA ENTRADA PHILLIPS #6X1/2"" NEGRO COD. 15507","TORNILLERIA","PZ","0.08","2026-02-10"
"TORNILLO PARA MADERA CABEZA PLANA ENTRADA PHILLIPS #6X2"" NEGRO COD. 15542","TORNILLERIA","PZ","",""
"TORNILLO PARA MADERA CABEZA PLANA ENTRADA PHILLIPS #6X5/8"" NEGRO COD. 15509","TORNILLERIA","PZ","0.13","2024-12-12"
"TORNILLO PARA MADERA CABEZA PLANA ENTRADA PHILLIPS #6X5/8"" NIQUEL COD. 15536","TORNILLERIA","PZ","0.1","2026-02-10"
"TORNILLO PARA MADERA CABEZA PLANA ENTRADA PHILLIPS #8X1"" NEGRO COD. 15501","TORNILLERIA","PZ","0.22","2026-02-10"
"TORNILLO PARA MADERA CABEZA PLANA ENTRADA PHILLIPS #8X1-1/2"" NEGRO COD. 15503","TORNILLERIA","PZ","0.16","2026-02-27"
"TORNILLO PARA MADERA CABEZA PLANA ENTRADA PHILLIPS #8X1-1/4"" NEGRO COD. 15502","TORNILLERIA","PZ","0.13","2026-02-10"
"TORNILLO PARA MADERA CABEZA PLANA ENTRADA PHILLIPS #8X2"" NEGRO COD. 15504","TORNILLERIA","PZ","",""
"TORNILLO PARA MADERA CABEZA PLANA ENTRADA PHILLIPS #8X3/4"" NEGRO COD. 15500","TORNILLERIA","PZ","",""
"TORNILLO PUNTA DE BROCA 4X1-1/2""","TORNILLERIA","PZ","",""
"TORNILLO PUNTA DE BROCA 8X3""","TORNILLERIA","PZ","",""
"TORNILLO RECORTABLE PARA JALADERA 1-3/4""","TORNILLERIA","PZ","",""
"TORNILLO SPAX CONCRETO 7.5 X 100mm T30 R-A DE FIJACION","TORNILLERIA","PZ","4.08","2026-02-10"
"TORNILLO SPAX CONCRETO 7.5 X 120mm T30 R-A DE FIJACION","TORNILLERIA","PZ","4.68","2026-04-22"
"TORNILLO SPAX CONCRETO 7.5 X 150mm T30 R-A DE FIJACION","TORNILLERIA","PZ","6.28","2026-02-10"
"TORNILLO SPAX CONCRETO 7.5 X 210mm T30 R-A DE FIJACION","TORNILLERIA","PZ","12.55","2026-02-10"
"TORNILLO SPAX CONCRETO 7.5 X 60mm T30 R-A DE FIJACION","TORNILLERIA","PZ","",""
"TORNILLO SPAX CONCRETO 7.5 X 80mm T30 R-A DE FIJACION","TORNILLERIA","PZ","",""
"TORNILLO SPAX INOXIDABLE 3.5 X 16mm USA PUNTA T15","TORNILLERIA","PZ","1.04","2026-02-10"
"TORNILLO SPAX INOXIDABLE 3.5 X 25mm USA PUNTA T15","TORNILLERIA","PZ","1.06","2026-02-10"
"TORNILLO SPAX INOXIDABLE 3.5 X 30mm USA PUNTA T20","TORNILLERIA","PZ","1.13","2025-10-31"
"TORNILLO SPAX INOXIDABLE 4 X 20mm USA PUNTA T20","TORNILLERIA","PZ","1.27","2026-04-22"
"TORNILLO SPAX INOXIDABLE 4 X 30mm USA PUNTA T20","TORNILLERIA","PZ","1.46","2026-02-10"
"TORNILLO SPAX INOXIDABLE 4 X 35mm USA PUNTA T20","TORNILLERIA","PZ","2.04","2026-02-20"
"TORNILLO SPAX INOXIDABLE 4 X 40mm USA PUNTA T20","TORNILLERIA","PZ","1.69","2026-04-22"
"TORNILLO SPAX INOXIDABLE 4 X 50mm USA PUNTA T20","TORNILLERIA","PZ","2.23","2026-03-13"
"TORNILLO SPAX INOXIDABLE 4 X 60mm USA PUNTA T20","TORNILLERIA","PZ","3.06","2026-02-10"
"TORNILLO SPAX INOXIDABLE 4.5 X 25mm USA PUNTA T20","TORNILLERIA","PZ","1.63","2026-04-22"
"TORNILLO SPAX INOXIDABLE 5 X 35mm USA PUNTA T20","TORNILLERIA","PZ","",""
"TORNILLO SPAX INOXIDABLE 6 X 80mm USA PUNTA T30","TORNILLERIA","PZ","7.14","2026-02-10"
"TORNILLO SPAX MADERA 2.0 X 12mm USA PUNTA Z1","TORNILLERIA","PZ","0.5","2026-02-10"
"TORNILLO SPAX MADERA 2.5 X 10mm USA PUNTA Z1","TORNILLERIA","PZ","0.23","2024-12-10"
"TORNILLO SPAX MADERA 2.5 X 16mm USA PUNTA Z1","TORNILLERIA","PZ","0.35","2024-12-10"
"TORNILLO SPAX MADERA 3 X 16mm USA PUNTA T15","TORNILLERIA","PZ","",""
"TORNILLO SPAX MADERA 3.5 X 20mm USA PUNTA Z1","TORNILLERIA","PZ","0.37","2026-04-22"
"TORNILLO SPAX MADERA 3.5 X 25mm USA PUNTA T20","TORNILLERIA","PZ","0.43","2026-04-22"
"TORNILLO SPAX MADERA 3.5 X 40mm USA PUNTA T2","TORNILLERIA","PZ","0.69","2026-02-10"
"TORNILLO SPAX MADERA 3.5 X 45mm USA PUNTA T2","TORNILLERIA","PZ","0.88","2026-02-10"
"TORNILLO SPAX MADERA 3.5 X 50mm USA PUNTA T2","TORNILLERIA","PZ","",""
"TORNILLO SPAX MADERA 4 X 30mm USA PUNTA T20","TORNILLERIA","PZ","0.62","2025-05-06"
"TORNILLO SPAX MADERA 4 X 35mm USA PUNTA T20","TORNILLERIA","PZ","0.63","2026-02-10"
"TORNILLO SPAX MADERA 4 X 40mm USA PUNTA T20","TORNILLERIA","PZ","0.75","2026-02-10"
"TORNILLO SPAX MADERA 4 X 45mm USA PUNTA Z2","TORNILLERIA","PZ","0.75","2026-02-10"
"TORNILLO SPAX MADERA 4 X 50mm USA PUNTA Z2","TORNILLERIA","PZ","0.86","2025-06-18"
"TORNILLO SPAX MADERA 4 X 60mm USA PUNTA Z2","TORNILLERIA","PZ","0.99","2026-02-10"
"TORNILLO SPAX MADERA 4.5 X 70mm USA PUNTA Z2 YELLOX","TORNILLERIA","PZ","1.98","2024-12-10"
"TORNILLO SPAX MADERA 5 X 40mm USA PUNTA T20","TORNILLERIA","PZ","1.0","2026-02-10"
"TORNILLO SPAX MADERA 5 X 40mm USA PUNTA Z2 YELLOX","TORNILLERIA","PZ","1.0","2025-10-31"
"TORNILLO SPAX MADERA 5 X 50mm USA PUNTA Z2 YELLOX","TORNILLERIA","PZ","1.27","2026-02-10"
"TORNILLO SPAX MADERA 5 X 70mm YELLOX","TORNILLERIA","PZ","",""
"TORNILLO SPAX MADERA 6 X 100mm USA PUNTA T30","TORNILLERIA","PZ","3.46","2026-02-10"
"TORNILLO SPAX P/METAL 3.9 X 25mm FEX-A PUNTA DE BROCA","TORNILLERIA","PZ","",""
"TORNILLO SPAX P/METAL 3.9 X 32mm FEX-A PUNTA DE BROCA","TORNILLERIA","PZ","0.56","2026-02-10"
"TORNILLO SPAX P/METAL 3.9 X 38mm FEX-A PUNTA DE BROCA","TORNILLERIA","PZ","0.67","2026-02-09"
"TORNILLO SPAX PARA VIGAS 8X100mm USA PUNTA T40","TORNILLERIA","PZ","5.88","2026-02-10"
"TORNILLO SPAX PARA VIGAS 8X140mm USA PUNTA T40","TORNILLERIA","PZ","8.71","2026-02-10"
"TORNILLO SPAX PARA VIGAS 8X200mm USA PUNTA T40","TORNILLERIA","PZ","15.48","2026-02-10"
"TORNILLO SPAX PARA VIGAS 8X300mm USA PUNTA T40","TORNILLERIA","PZ","",""
"TORNILLO SPAX-M MDF 3.5 X 40mm USA PUNTA TORX T15","TORNILLERIA","PZ","1.13","2026-02-10"
"TORNILLO SPAX-M MDF 4 X 50mm USA PUNTAT20","TORNILLERIA","PZ","1.64","2026-02-10"
"TORNILLO TIPO 23 TORX 1/4 X 2-1/2","TORNILLERIA","PZ","",""
"TRIPLAY BIRCH LOBUS REFORZADO 15X1.22X2.44","MDF, TRIPLAY, ECOTAB","HOJA","",""
"TRIPLAY BIRCH LOBUS REFORZADO 18X1.22X2.44","MDF, TRIPLAY, ECOTAB","HOJA","",""
"TRIPLAY DE PINO ASIATICO 15MM 2C 1.22X2.44MT","MDF, TRIPLAY, ECOTAB","HOJA","",""
"TRIPLAY DE PINO ASIATICO 18MM 2C 1.22X2.44MT","MDF, TRIPLAY, ECOTAB","HOJA","687.93","2026-04-17"
"TRIPLAY DE PINO CHILENO 15X1.22X2.44","MDF, TRIPLAY, ECOTAB","HOJA","602.58","2026-06-05"
"TRIPLAY ENCINO 5.2X1.22X2.44 1/C","MDF, TRIPLAY, ECOTAB","HOJA","252.6","2026-02-20"
"TRIPLAY NOGAL 5MMX1220X2440","MDF, TRIPLAY, ECOTAB","HOJA","317.24","2025-03-03"
"TRIPLAY PARA CIMBRA C+C PULIDA 15X1.22X2.44","MDF, TRIPLAY, ECOTAB","HOJA","487.07","2024-11-01"
"TUBO 3/4"" C.30 NEGRO","METALICOS","MT","",""
"TUBO DE LATON 5/8"" X 3.66MT PARED GRUESA","METALICOS","TRAMO","1026.35","2026-01-27"
"TUBO GALVANIZADO A53 L200 019MM 3/4"" 6.40M HYLSA TERNIUM","METALICOS","TRAMO","448.8","2025-03-27"
"TUBO GALVANIZADOROSC CC L-200 3/4"" 19MM","METALICOS","TRAMO","",""
"TUBO OVALADO .30X15X2500MM 801.13.191 NEGRO","METALICOS","TRAMO","",""
"TUBO OVALADO ESTRIADO ALUMINIO X 3MTS 51131003024","METALICOS","TRAMO","",""
"TUBO OVALADO NEGRO 3000MM 801.08.345","MDF, TRIPLAY, ECOTAB","HOJA","122.84","2025-02-28"
"TUBO PVC SANITARIO 4"" PTM C6","FERRETERIA","TRAMO","",""
"TUERCA BELLOTA LATON 1/4","TORNILLERIA","PZ","13.0","2026-05-26"
"TUERCA CONECTOR COBRIZADA 1/4 267.10.116 HAFELE","TORNILLERIA","PZ","2.27","2025-01-02"
"TUERCA CONECTOR NIQUEL 1/4","TORNILLERIA","PZ","3.91","2025-01-02"
"TUERCA CONECTOR NIQUEL 13X17MM 267.10.606","TORNILLERIA","PZ","",""
"TUERCA G5 NC 1/2-13","TORNILLERIA","PZ","2.45","2025-06-03"
"TUERCA G5 NC 3/3-16","TORNILLERIA","PZ","",""
"TUERCA G5 NC 3/4","TORNILLERIA","PZ","",""
"TUERCA G5 NC 5/8-11","TORNILLERIA","PZ","",""
"TUERCA HEX GALV 1/2","TORNILLERIA","PZ","",""
"TUERCA HEX GALV 3/8","TORNILLERIA","PZ","",""
"TUERCA HEX LIVIANA GALV 1/4","TORNILLERIA","PZ","",""
"TUERCA HEX LIVIANA GALV 3/16","TORNILLERIA","PZ","",""
"TUERCA HEX LIVIANA GALV 5/16","TORNILLERIA","PZ","",""
"TUERCA HEX MILIMETRICA 12M 1.5","TORNILLERIA","PZ","",""
"TUERCA HEX MILIMETRICA 14M","TORNILLERIA","PZ","",""
"TUERCA HEX MILIMETRICA 8mm","TORNILLERIA","PZ","",""
"TUERCA INSERTO 1/4 X 12MM","TORNILLERIA","PZ","",""
"TUERCA INSERTO RECTA TI 3/8 185904","TORNILLERIA","PZ","3.92","2025-02-12"
"TUERCA INSERTO TIPO E 1/4 20X20MM GALV 3405","TORNILLERIA","PZ","",""
"TUERCA INSERTO TIPO E 1/4 X 20MM GALV 3405","TORNILLERIA","PZ","1.86","2024-12-31"
"TUERCA INSERTO TIPO E 5/16 18X20MM GALV 3407","TORNILLERIA","PZ","",""
"TUERCA PULPO 1/4""","TORNILLERIA","PZ","",""
"VALRESA COLORANTE AMARILLO","BARNIZ, ACEITE Y PINTURA","LT","",""
"VALRESA COLORANTE NARANJA","BARNIZ, ACEITE Y PINTURA","LT","",""
"VALRESA COLORANTE NEGRO","BARNIZ, ACEITE Y PINTURA","LT","",""
"VALRESA TINTA INDUSTRIAL TZALAM","BARNIZ, ACEITE Y PINTURA","LT","",""
"VALRESA TINTA PREPARARDA  CON CATALIZADOR (J-19-0295) Y DILUYENTE (J-50-0056)","BARNIZ, ACEITE Y PINTURA","LT","566.98","2025-03-27"
"VALRESA VALPASTA AMARILLO OXIDO J-80-0012","BARNIZ, ACEITE Y PINTURA","LT","400.44","2025-07-24"
"VALRESA VALPASTA AZUL MARINO","BARNIZ, ACEITE Y PINTURA","LT","",""
"VALRESA VALPASTA BLANCO","BARNIZ, ACEITE Y PINTURA","LT","",""
"VALRESA VALPASTA NEGRO J-80-0001","BARNIZ, ACEITE Y PINTURA","LT","400.44","2025-07-24"
"VALRESA VALPASTA ROJO OXIDO J-80-0021","BARNIZ, ACEITE Y PINTURA","LT","400.44","2025-07-24"
"VARILLA 1/2","METALICOS","PZ","",""
"VARILLA 3/8","METALICOS","TRAMO","",""
"VARILLA ROSCADA 1/2X 1","METALICOS","MT","",""
"VARILLA ROSCADA 1/4 X 1","METALICOS","MT","",""
"VARILLA ROSCADA 3/16 X 1","METALICOS","MT","13.82","2025-10-03"
"VARILLA ROSCADA 3/8 X 1","METALICOS","MT","",""
"VARILLA ROSCADA 5/16 X 1","METALICOS","MT","",""
"VASO DE PLASTICO DE 600CC HEMBRA MARCA GONI MOD. 330","FERRETERIA","PZ","231.9","2025-10-10"
"VASO DE PRECIPITADO GRADUADO 1000 ML","BARNIZ, ACEITE Y PINTURA","PZ","251.18","2025-06-16"
"VINAGRE","PRODUCTO DE LIMPIEZA","LT","",""
